"DataCleaned.misc_feature","Standardization.lot_area","logtrans.scaled.no_outlier.sale_price","garage_type_2Types","garage_type_Attchd","garage_type_Basment","garage_type_BuiltIn","garage_type_CarPort","garage_type_Detchd","garage_type_Othr"
"Othr",-0.207070756682052,1.15852394437962,0,1,0,0,0,0,0
"Othr",-0.0918548989935732,1.04568952162085,0,1,0,0,0,0,0
"Othr",0.0734548098638094,1.21611203496018,0,1,0,0,0,0,0
"Othr",-0.0968642841104636,0.842846279056137,0,0,0,0,0,1,0
"Othr",0.37501979390061,1.31038978903842,0,1,0,0,0,0,0
"Shed",0.360492577061628,0.858971975941282,0,1,0,0,0,0,0
"Othr",-0.0433640510620743,1.48729709670364,0,1,0,0,0,0,0
"Shed",-0.0135081157654077,1.12435560390629,0,1,0,0,0,0,0
"Othr",-0.440508103129144,0.786561665150729,0,0,0,0,0,1,0
"Othr",-0.310264090089994,0.715905997949558,0,1,0,0,0,0,0
"Othr",0.068445424746919,0.78426601300473,0,0,0,0,0,1,0
"Othr",0.140981321239492,1.58993945518526,0,0,0,1,0,0,0
"Othr",0.245577282480163,0.864289935133444,0,0,0,0,0,1,0
"Othr",0.0135425638658004,1.40584116310331,0,1,0,0,0,0,0
"Othr",0.0403928680923328,0.930966765742143,0,1,0,0,0,0,0
"Othr",-0.440508103129144,0.798528131095405,0,0,0,0,0,1,0
"Shed",0.0725531205427691,0.890463615668397,0,1,0,0,0,0,0
"Shed",0.0274686544907557,0.526846629863795,0,0,0,0,1,0,0
"Othr",0.318413742079749,0.940841316627178,0,0,0,0,0,1,0
"Othr",-0.296237811762701,0.837412738191309,0,1,0,0,0,0,0
"Othr",0.370511347295409,1.53804372130914,0,0,0,1,0,0,0
"Othr",-0.307358646722197,0.839589698620692,0,1,0,0,0,0,0
"Othr",-0.0776282452616046,1.24007256060117,0,1,0,0,0,0,0
"Othr",-0.630463986761627,0.786561665150729,0,1,0,0,0,0,0
"Othr",-0.227509047958965,0.915969671700818,0,1,0,0,0,0,0
"Othr",0.372014162830476,1.33155335574878,0,1,0,0,0,0,0
"Othr",-0.332305384604312,0.814263875680972,0,0,0,0,0,1,0
"Othr",0.0962976059968295,1.48444843687463,0,1,0,0,0,0,0
"Othr",0.581506648418832,1.15456420970047,0,1,0,0,0,0,0
"Othr",-0.420069811852231,0.352730353876751,0,0,0,0,0,1,0
"Othr",-0.197653112662298,0.892270370814432,0,1,0,0,0,0,0
"Othr",0.05331708169391,1.03858603667707,0,1,0,0,0,0,0
"Othr",0.00352379363201963,0.972276379096088,0,1,0,0,0,0,0
"Othr",-0.320984174240139,1.39965000754158,0,1,0,0,0,0,0
"Othr",0.290661748532176,1.4929701867499,0,0,0,1,0,0,0
"Othr",0.0342814182497266,0.869579763170026,0,1,0,0,0,0,0
"Othr",-0.198855365090352,0.910920239835575,0,1,0,0,0,0,0
"Othr",-0.259969863516414,0.658943894622244,0,0,0,0,0,1,0
"Othr",-0.448523119316168,0.465544717081493,0,0,0,0,0,0,1
"Othr",-0.186231714595788,0.945742266122892,0,1,0,0,0,0,0
"Othr",0.640016266584112,0.993474341554636,0,1,0,0,0,0,0
"Othr",-0.133933733975452,0.864289935133444,0,1,0,0,0,0,0
"Othr",-0.131929979928696,0.78856604679289,0,0,0,0,0,1,0
"Othr",-0.257665546362645,0.848250456032669,0,1,0,0,0,0,0
"Othr",-0.286419416933596,1.52333527074953,0,1,0,0,0,0,0
"Othr",0.230949877938843,1.27474497644715,0,1,0,0,0,0,0
"Othr",0.058025903703787,1.30937074126029,0,1,0,0,0,0,0
"Othr",-0.607220439819256,0.684661755611273,0,0,0,0,0,0,1
"Othr",-0.27800364993722,0.769797540299319,0,1,0,0,0,0,0
"Othr",0.335846402286528,1.02558093185901,0,1,0,0,0,0,0
"Shed",-0.428485578848607,0.694137954404376,0,0,0,0,0,1,0
"Othr",-0.20486662723062,0.665435632247709,0,0,0,0,1,0,0
"Othr",3.9828791427874,1.68768716968771,0,1,0,0,0,0,0
"Othr",-0.338917772958607,0.787134755690923,0,0,0,0,0,1,0
"Othr",-0.0342469701493339,1.04125576024371,0,1,0,0,0,0,0
"Othr",-0.788660368753025,1.00505967435826,0,1,0,0,0,0,0
"Othr",0.113028952287243,1.10993975262812,0,1,0,0,0,0,0
"Othr",-0.332305384604312,0.757480127420813,0,0,0,0,0,1,0
"Othr",0.255996803523295,0.93591622947954,0,0,0,0,0,1,0
"Othr",-0.332305384604312,0.605434634164798,0,0,0,0,0,1,0
"Othr",-0.40824766297637,1.1345268724507,0,1,0,0,0,0,0
"Othr",-0.0217235073571079,0.842846279056137,0,0,0,0,0,1,0
"Othr",-0.11439713201958,1.20107656013365,0,1,0,0,0,0,0
"Othr",-0.0927565883146135,1.51534608253809,0,0,0,1,0,0,0
"Othr",0.940078435085845,1.03903148585853,0,1,0,0,0,0,0
"Othr",0.0148450039961919,1.22539568722925,0,1,0,0,0,0,0
"Othr",-0.591991909063909,0.449613520439737,0,1,0,0,0,0,0
"Othr",0.508570001116908,1.22169256223194,0,1,0,0,0,0,0
"Othr",0.314005483176885,1.28980887295852,0,1,0,0,0,0,0
"Othr",-0.292330491371526,0.78426601300473,0,0,0,0,0,1,0
"Othr",-0.0376533520288193,1.06105468427764,0,1,0,0,0,0,0
"Othr",-0.0317422775908887,0.869052037794091,0,1,0,0,0,0,0
"Othr",-0.47357004490062,0.648468652953863,0,0,0,0,0,1,0
"Othr",-0.893757268505386,0.534251739723917,0,0,0,1,0,0,0
"Othr",-0.204566064123607,0.819547022173608,0,0,0,0,0,1,0
"Othr",-0.188536031749558,0.769797540299319,0,0,0,0,0,1,0
"Othr",0.0261662143603642,0.823698300433956,0,0,0,0,0,0,1
"Othr",-0.00769722902981482,0.665435632247709,0,0,0,0,0,1,0
"Othr",0.248783288954973,1.09741571544612,0,1,0,0,0,0,0
"Othr",-0.602812180916392,0.913448142860081,0,1,0,0,0,0,0
"Othr",-0.0311411513768618,1.29326857520814,0,1,0,0,0,0,0
"Othr",-0.162787792248741,0.766878554665944,0,0,0,0,0,1,0
"Shed",-0.199055740495027,0.986458164031517,0,0,0,1,0,0,0
"Othr",0.555257470406326,1.34377713412468,0,1,0,0,0,0,0
"Othr",0.1396788811091,1.01194699099924,0,0,0,1,0,0,0
"Othr",-0.657815229499849,0.967504068542603,0,0,0,0,0,1,0
"Othr",-0.205067002635296,0.488975509058368,0,0,0,0,0,0,1
"Othr",-0.245142083570419,0.749778325481271,0,0,0,0,0,0,1
"Othr",-0.332305384604312,0.664788351624861,0,0,0,0,0,1,0
"Othr",-0.202061371565162,0.588807131893628,0,1,0,0,0,0,0
"Othr",0.284850861796583,0.962708873786939,0,0,0,0,0,1,0
"Othr",-0.332305384604312,0.809232910806586,0,0,0,0,0,1,0
"Othr",-0.118204264708417,1.14359339158263,0,1,0,0,0,0,0
"Shed",-0.075323928107835,1.06105468427764,0,0,0,1,0,0,0
"Othr",-0.025330264641269,1.18002657582044,0,1,0,0,0,0,0
"Othr",0.0404930557946706,0.561542533578457,0,1,0,0,0,0,0
"Shed",0.0108374959026796,0.473416139169189,0,0,1,0,0,0,0
"Shed",-0.119907455648159,0.781100861580892,0,0,0,0,0,0,1
"Othr",0.00863336645124782,1.14459572709654,0,1,0,0,0,0,0
"Othr",-0.131328853714669,1.03008458173349,0,1,0,0,0,0,0
"Othr",-0.350539546429793,0.721819236707647,0,1,0,0,0,0,0
"Othr",-0.0115043617186515,1.11984726102632,0,1,0,0,0,0,0
"Othr",-0.276400646699815,0.991141081080699,0,0,0,0,0,1,0
"Othr",-0.11439713201958,1.31038978903842,0,1,0,0,0,0,0
"Shed",0.0283703438117959,0.598540076077583,0,0,0,0,0,1,0
"Othr",-0.452530627409681,0.697276836658564,0,0,0,0,0,1,0
"Othr",-0.202061371565162,0.697276836658564,0,0,0,0,0,0,1
"Othr",0.123648848735051,1.0826032946075,0,1,0,0,0,0,0
"Othr",-0.0993689766689088,0.825905289170028,0,1,0,0,0,0,0
"Othr",-0.277202148318517,1.03903148585853,0,0,0,1,0,0,0
"Othr",-0.0552863876402735,1.68528639004585,0,0,0,1,0,0,0
"Othr",1.05028490765743,1.19156327939985,0,0,1,0,0,0,0
"Othr",-0.326394310166381,1.34213397792542,0,0,0,0,0,1,0
"Othr",-0.730050562885408,1.02105690732742,0,0,0,0,0,1,0
"Othr",0.110123508919447,0.837412738191309,0,1,0,0,0,0,0
"Othr",-0.198454614281001,0.920993734847882,0,1,0,0,0,0,0
"Othr",0.186266162696181,1.52360962481673,0,1,0,0,0,0,0
"Othr",-0.205968691956336,0.96506139239321,0,1,0,0,0,0,0
"Othr",1.09566993681646,1.03903148585853,0,1,0,0,0,0,0
"Othr",-0.446519365269412,0.598540076077583,0,0,0,0,0,1,0
"Othr",-0.105480426511515,0.820932697266141,0,1,0,0,0,0,0
"Othr",-0.262975494586549,0.915465874324783,0,1,0,0,0,0,0
"Othr",0.653842169506729,1.04347509821026,0,1,0,0,0,0,0
"Othr",-0.374384219586191,0.485108303984698,0,0,0,0,0,0,1
"Othr",-0.559931844315811,0.775610073822743,0,1,0,0,0,0,0
"Othr",-0.614033203578227,0.504296489411521,0,0,0,0,0,0,1
"Othr",-0.293232180692567,0.920993734847882,0,1,0,0,0,0,0
"Othr",-0.154672588359379,0.895617137182364,1,0,0,0,0,0,0
"Othr",0.369008531760342,1.22539568722925,0,1,0,0,0,0,0
"Othr",0.171037631940834,1.28980887295852,0,0,0,1,0,0,0
"Othr",-0.313470096564804,0.899464923626621,0,0,0,0,0,1,0
"Othr",-0.367070517315531,1.2029684039948,0,1,0,0,0,0,0
"Othr",-0.0182169377752846,1.03903148585853,0,1,0,0,0,0,0
"Othr",-0.0117047371233271,1.01194699099924,0,1,0,0,0,0,0
"Othr",-0.0162131837285285,0.858971975941282,0,1,0,0,0,0,0
"Othr",0.055421023443004,0.998124593428863,1,0,0,0,0,0,0
"Othr",-0.145355132041963,1.24007256060117,0,1,0,0,0,0,0
"Othr",0.491838654826494,1.24552132399073,0,1,0,0,0,0,0
"Othr",-0.00168596688954637,0.697276836658564,0,0,0,0,0,0,1
"Othr",0.113028952287243,1.34377713412468,0,1,0,0,0,0,0
"Othr",-0.200057617518406,0.974654020850761,0,0,0,0,0,1,0
"Othr",-0.0182169377752846,1.14058034284674,0,1,0,0,0,0,0
"Othr",-0.141948750162477,0.758070124035412,0,0,0,0,0,1,0
"Othr",-0.800983456140576,0.787134755690923,0,0,0,0,0,1,0
"Othr",-0.440508103129144,0.632547126822316,0,0,0,0,0,1,0
"Othr",-0.101372730715665,1.21237430673591,0,0,0,1,0,0,0
"Othr",-0.302249073902969,0.848250456032669,0,0,0,0,0,0,1
"Othr",-0.428485578848607,0.697276836658564,0,0,0,0,0,1,0
"Othr",-0.0161129960261907,0.740217023591136,0,1,0,0,0,0,0
"Othr",0.338050531737959,1.65791960050746,0,1,0,0,0,0,0
"Othr",0.42942171627004,1.0826032946075,0,1,0,0,0,0,0
"Othr",0.298877140123877,1.25812082277082,0,1,0,0,0,0,0
"Othr",0.082471703074212,0.758070124035412,0,0,0,0,0,1,0
"Othr",-0.0918548989935732,0.441551723936121,0,0,0,0,0,0,1
"Othr",-0.332305384604312,0.662195031257901,0,0,0,0,0,1,0
"Othr",0.148896149724179,1.37449481042487,0,0,0,1,0,0,0
"Othr",0.203899198307635,1.32688889628406,0,1,0,0,0,0,0
"Othr",0.88778045446551,1.52360962481673,0,1,0,0,0,0,0
"Othr",0.0604304085598944,0.957890574302371,0,1,0,0,0,0,0
"Othr",0.166829748442646,1.2029684039948,0,1,0,0,0,0,0
"Othr",-0.502624478578585,0.620437387266644,0,0,0,0,0,0,1
"Othr",-0.512643248812365,0.905845181755621,0,0,0,0,0,1,0
"Othr",-0.0411599216106426,0.772708030248331,0,0,0,0,0,0,1
"Othr",0.0191530751967176,1.0826032946075,0,1,0,0,0,0,0
"Othr",0.00452567065539771,1.53891938638396,0,1,0,0,0,0,0
"Othr",-0.22770942336364,1.05449850191137,0,1,0,0,0,0,0
"Othr",0.616371968832389,1.23276105000004,0,1,0,0,0,0,0
"Othr",0.1844627840541,0.778503719904261,0,0,0,0,0,1,0
"Othr",2.12930646183562,1.18388695097411,0,1,0,0,0,0,0
"Othr",-0.522060892832119,1.27232850809337,0,1,0,0,0,0,0
"Othr",-0.0320428406979021,0.960302626043088,0,1,0,0,0,0,0
"Othr",0.190273670789693,1.05668867545432,0,1,0,0,0,0,0
"Othr",0.210211023554917,1.28633715960236,0,1,0,0,0,0,0
"Othr",-0.0488743746906538,1.1683552217782,0,1,0,0,0,0,0
"Othr",0.313905295474548,1.00505967435826,0,1,0,0,0,0,0
"Othr",-0.200057617518406,0.598540076077583,0,0,0,0,0,1,0
"Othr",-0.841559475587388,1.02558093185901,0,0,0,0,0,1,0
"Othr",-0.293432556097242,1.12476444718731,0,0,0,0,0,1,0
"Othr",-0.145956258255989,0.728135387197056,0,1,0,0,0,0,0
"Othr",0.0910878454752635,1.12435560390629,0,0,0,0,0,1,0
"Othr",-0.308460711447913,0.769797540299319,0,1,0,0,0,0,0
"Othr",-0.057089766282354,1.00736072116836,0,1,0,0,0,0,0
"Othr",-0.0107028600999491,0.815378438939347,0,0,0,0,0,1,0
"Othr",-0.350539546429793,0.912624748318553,0,0,0,0,0,1,0
"Othr",-0.5604327828275,1.42570172696414,0,1,0,0,0,0,0
"Othr",0.00532717227410017,1.5097988721188,0,0,0,0,0,1,0
"Othr",-0.305054329568428,1.05668867545432,0,1,0,0,0,0,0
"Othr",-0.150264329456515,1.09109438216892,0,1,0,0,0,0,0
"Othr",-0.800983456140576,0.787134755690923,0,0,0,0,0,1,0
"Othr",-0.334309138651068,0.769797540299319,0,0,0,0,0,1,0
"Othr",-0.825228880106325,0.887876861027908,0,1,0,0,0,0,0
"Othr",-0.11028943622373,1.5010608616589,0,1,0,0,0,0,0
"Othr",1.49301436428821,1.25812082277082,0,0,0,0,0,1,0
"Othr",-0.500620724531828,0.625837606167961,0,0,0,0,0,0,1
"Othr",-0.0927565883146135,1.39154377212217,0,1,0,0,0,0,0
"Othr",-0.197452737257622,0.842846279056137,0,1,0,0,0,0,0
"Othr",-0.0392563552662242,1.00044163511018,0,0,0,0,0,1,0
"Othr",-0.352342925071873,0.678294031201427,0,1,0,0,0,0,0
"Othr",-0.609023818461336,0.890463615668397,0,1,0,0,0,0,0
"Othr",-0.7029998832542,0.665435632247709,0,0,0,0,0,1,0
"Othr",0.133667618968832,1.04125576024371,0,1,0,0,0,0,0
"Othr",0.316209612628317,0.863759410041909,0,1,0,0,0,0,0
"Othr",0.197988123869704,0.848250456032669,0,1,0,0,0,0,0
"Othr",0.385439314943742,1.39809621093005,0,1,0,0,0,0,0
"Othr",-0.227108297149614,0.869579763170026,0,1,0,0,0,0,0
"Othr",-0.492204957535453,0.584606695258356,0,0,0,0,0,0,1
"Othr",-0.00970098307657098,1.06540171390126,0,1,0,0,0,0,0
"Othr",-0.188035093237869,1.31944077146131,0,1,0,0,0,0,0
"Othr",0.305689903882847,0.925992682911641,0,1,0,0,0,0,0
"Shed",0.0383891140455767,0.95426155274528,0,1,0,0,0,0,0
"Othr",-0.0506777533327343,0.812310395805041,0,1,0,0,0,0,0
"Othr",-0.207070756682052,1.16443430165771,0,1,0,0,0,0,0
"Othr",-0.0611974620782041,0.645832606862457,0,0,0,0,0,1,0
"Othr",0.515282577173541,1.50001658802331,0,1,0,0,0,0,0
"Othr",-0.752091857399726,0.980526292425361,0,1,0,0,0,0,0
"Othr",-0.152969397419636,1.1441949134441,0,1,0,0,0,0,0
"Othr",-0.245342458975095,1.12435560390629,0,0,0,1,0,0,0
"Othr",0.0959970428898161,1.03858603667707,0,1,0,0,0,0,0
"Othr",-0.00168596688954637,0.577566519888029,0,0,0,0,0,1,0
"Othr",0.296071884458418,1.69059301652924,0,1,0,0,0,0,0
"Othr",-0.88534150150901,0.678294031201427,0,0,0,0,0,1,0
"Othr",-0.0567892031753406,1.43773040959852,0,1,0,0,0,0,0
"Othr",-0.866406025767164,0.639211929677617,0,0,0,0,0,1,0
"Othr",-0.199957429816068,0.758070124035412,0,0,0,0,0,1,0
"Othr",-0.734859572597623,1.093205936292,0,1,0,0,0,0,0
"Othr",-0.176012568957332,0.885283397730448,0,1,0,0,0,0,0
"Othr",0.462984596553205,1.72873798589123,0,1,0,0,0,0,0
"Othr",-0.88534150150901,0.559746136703819,0,1,0,0,0,0,0
"Othr",0.0133421884611248,0.776768537231391,0,1,0,0,0,0,0
"Othr",-0.267083190382399,1.18964971453651,0,0,0,1,0,0,0
"Othr",-0.88534150150901,0.523123409528595,0,0,0,0,0,1,0
"Othr",-0.17471012882694,1.06323056117091,0,1,0,0,0,0,0
"Othr",-0.106582491237231,1.10160784662782,0,1,0,0,0,0,0
"Othr",0.151601217687299,1.51810819093091,0,1,0,0,0,0,0
"Othr",-0.17791613530175,0.684661755611273,0,0,0,0,0,1,0
"Othr",-0.151967520396258,1.35195265805429,0,1,0,0,0,0,0
"Othr",-0.664928556365833,0.66866576565487,0,0,0,0,0,0,1
"Othr",-0.552718329747488,0.441551723936121,0,1,0,0,0,0,0
"Othr",0.0245632111229592,0.728135387197056,0,1,0,0,0,0,0
"Othr",-0.163990044676795,1.14459572709654,0,1,0,0,0,0,0
"Othr",-0.0117047371233271,1.28110688543413,0,1,0,0,0,0,0
"Othr",-0.137740866664289,0.826456276130599,0,0,0,0,0,1,0
"Othr",0.0794660720040778,0.842846279056137,0,1,0,0,0,0,0
"Othr",0.0801673859204425,1.03903148585853,0,1,0,0,0,0,0
"Shed",14.8761878302749,1.39809621093005,0,1,0,0,0,0,0
"Shed",-0.517652633929256,0.421108221590341,0,0,0,0,0,0,1
"Othr",-0.57776525533194,1.25812082277082,0,1,0,0,0,0,0
"Othr",-0.215486523678428,1.00736072116836,0,1,0,0,0,0,0
"Othr",-0.116901824578025,0.93591622947954,0,1,0,0,0,0,0
"Othr",-0.212080141798942,0.869579763170026,0,1,0,0,0,0,0
"Othr",-0.178216698408763,1.24007256060117,0,0,0,1,0,0,0
"Othr",-0.17290675018486,1.15456420970047,0,1,0,0,0,0,0
"Othr",-0.17060243303109,1.2029684039948,0,1,0,0,0,0,0
"Othr",0.192177237134111,1.24552132399073,0,1,0,0,0,0,0
"Othr",0.218927353658306,0.577566519888029,0,0,0,0,0,1,0
"Othr",0.87956506287381,1.02105690732742,0,1,0,0,0,0,0
"Othr",-0.0930571514216269,1.39498135604465,0,0,0,1,0,0,0
"Othr",-0.204966814932958,0.900744236023968,0,1,0,0,0,0,0
"Othr",-0.502624478578585,0.787134755690923,0,0,0,0,0,1,0
"Othr",-0.529474782805117,0.391766469017009,0,0,0,0,0,1,0
"Othr",0.157612479827568,1.01878719679208,0,1,0,0,0,0,0
"Othr",0.0691467386632836,1.06105468427764,0,1,0,0,0,0,0
"Othr",-0.212080141798942,1.03680225304587,0,0,0,0,0,1,0
"Othr",-0.362361695305654,0.731169508136004,0,0,0,0,0,1,0
"Othr",-0.260470802028104,0.885283397730448,0,1,0,0,0,0,0
"Othr",0.0211568292434738,1.36328725147394,0,1,0,0,0,0,0
"Othr",2.8640830707811,1.28110688543413,0,1,0,0,0,0,0
"Othr",0.124951288865442,1.43773040959852,0,1,0,0,0,0,0
"Othr",-0.0918548989935732,0.837412738191309,0,1,0,0,0,0,0
"Othr",-0.220696284199994,0.755116653828857,0,1,0,0,0,0,0
"Othr",-0.325893371654692,1.14459572709654,0,0,0,0,0,1,0
"Othr",-0.132330730738048,1.12843653425946,0,1,0,0,0,0,0
"Othr",0.863735405904436,0.848250456032669,0,0,0,0,0,1,0
"Othr",-0.0512788795467611,1.09109438216892,0,1,0,0,0,0,0
"Othr",0.0771617548503082,1.23459394545976,0,1,0,0,0,0,0
"Othr",-0.332305384604312,1.06105468427764,0,1,0,0,0,0,0
"Othr",-0.546406504500207,1.15456420970047,0,1,0,0,0,0,0
"Othr",-0.0906526465655196,1.29188613032113,0,1,0,0,0,0,0
"Othr",-0.250952970306012,1.03546232410219,0,1,0,0,0,0,0
"Othr",-0.627758918798506,0.968460354388304,0,0,0,0,0,1,0
"Othr",-0.073219986358741,0.940841316627178,0,1,0,0,0,0,0
"Othr",-0.23963175994184,0.511869844640366,0,0,0,0,0,0,1
"Othr",-0.0699137921815934,0.740217023591136,0,0,0,0,0,1,0
"Othr",-0.179018200027466,0.913826777754086,0,0,0,0,0,1,0
"Othr",0.510373379758988,1.25176891789541,0,1,0,0,0,0,0
"Othr",-0.483889378241415,0.820378657619282,0,0,0,0,0,0,1
"Othr",0.0893846545355208,0.792847669430791,0,1,0,0,0,0,0
"Othr",0.615370091809011,1.25812082277082,0,1,0,0,0,0,0
"Othr",-0.0918548989935732,0.97939241173112,0,1,0,0,0,0,0
"Othr",-0.258467047981347,0.856302353349575,0,0,0,0,0,1,0
"Othr",0.319916557614816,0.905845181755621,0,1,0,0,0,0,0
"Othr",-0.312368031839088,1.27232850809337,0,0,0,0,0,1,0
"Othr",0.118539275915823,1.0165123229494,0,1,0,0,0,0,0
"Othr",0.34897099129278,0.938381805110721,0,1,0,0,0,0,0
"Othr",0.524299470383944,0.930966765742143,0,1,0,0,0,0,0
"Othr",0.57198881669674,1.36650224894883,0,0,0,1,0,0,0
"Othr",0.319315431400789,1.14459572709654,0,1,0,0,0,0,0
"Othr",-0.0718173585260117,0.895102978535009,0,1,0,0,0,0,0
"Othr",0.788394253746405,1.45256560592588,0,1,0,0,0,0,0
"Othr",-0.0131073649560564,1.48416312406521,0,1,0,0,0,0,0
"Othr",0.296272259863094,1.22169256223194,0,1,0,0,0,0,0
"Othr",-0.26017023892109,0.523123409528595,0,0,0,0,0,0,1
"Othr",0.182859780816695,0.469488173016057,0,0,0,0,0,1,0
"Othr",0.186466538100856,1.62772328026799,0,1,0,0,0,0,0
"Othr",-0.283714348970475,0.972752359916516,0,1,0,0,0,0,0
"Othr",-0.252155222734065,0.798528131095405,0,0,0,0,0,1,0
"Othr",-0.272192763201627,0.727527456736231,0,0,0,0,0,1,0
"Othr",20.5112451482649,1.66413131290901,0,1,0,0,0,0,0
"Othr",-0.0918548989935732,1.03008458173349,0,0,0,0,0,1,0
"Othr",-0.272693701713316,1.07618732691359,0,1,0,0,0,0,0
"Othr",0.249284227466662,1.34377713412468,0,1,0,0,0,0,0
"Othr",-0.151967520396258,1.37608568548828,0,1,0,0,0,0,0
"Othr",-0.0617985882922309,1.34377713412468,0,1,0,0,0,0,0
"Othr",0.360492577061628,1.07188703114551,0,1,0,0,0,0,0
"Othr",0.575295010873888,1.5838703879771,0,1,0,0,0,0,0
"Othr",0.158514169148608,1.61278062389166,0,0,0,1,0,0,0
"Othr",-0.0137084911700833,1.47008212829317,0,1,0,0,0,0,0
"Othr",-0.470564413830486,0.764976634649058,0,1,0,0,0,0,0
"Othr",0.0759595024222545,1.28285335145072,0,0,0,1,0,0,0
"Othr",-0.552718329747488,0.504296489411521,0,0,0,0,0,1,0
"Othr",0.0329789781193351,1.53452251940753,0,1,0,0,0,0,0
"Othr",0.108520505682042,0.87089785948276,0,1,0,0,0,0,0
"Othr",0.137374563955331,1.18195862620816,0,0,0,0,0,1,0
"Othr",-0.412255171069882,0.433424406293804,0,0,0,0,0,1,0
"Othr",0.0107373082003418,0.722039387201981,0,0,0,0,0,1,0
"Othr",-0.234522187122611,0.837412738191309,0,1,0,0,0,0,0
"Othr",0.0138431269728138,1.41963268845963,0,1,0,0,0,0,0
"Othr",-0.23231805767118,1.15257844698483,0,1,0,0,0,0,0
"Othr",-0.14775963689807,1.09109438216892,0,1,0,0,0,0,0
"Shed",15.4432502255069,1.23624068390082,0,1,0,0,0,0,0
"Othr",0.364700460559816,1.66989714770945,0,1,0,0,0,0,0
"Othr",-0.138442180580654,1.18002657582044,0,1,0,0,0,0,0
"Shed",0.363498208131762,1.1345268724507,0,1,0,0,0,0,0
"Othr",0.188670667552288,0.920993734847882,0,1,0,0,0,0,0
"Othr",0.368106842439302,1.13614471761318,0,1,0,0,0,0,0
"Othr",-0.212080141798942,0.465544717081493,0,0,0,0,1,0,0
"Othr",-0.197653112662298,0.508090336472488,0,0,0,0,0,1,0
"Othr",-0.167095863449267,1.36328725147394,0,1,0,0,0,0,0
"Othr",-0.793970316976929,0.488975509058368,0,1,0,0,0,0,0
"Othr",-0.408948976892734,0.843929453387246,0,0,0,0,0,1,0
"Gar2",0.225940492821953,0.903297961342188,0,1,0,0,0,0,0
"Othr",0.709646719708888,0.933444559756627,0,1,0,0,0,0,0
"Othr",-0.808397346113574,0.915969671700818,0,0,0,1,0,0,0
"Othr",-0.270189009154871,1.51827643291159,0,1,0,0,0,0,0
"Othr",-0.525567462413942,1.0826032946075,0,1,0,0,0,0,0
"Othr",-0.143551753399882,0.563335709197154,0,0,0,0,0,1,0
"Othr",-0.200057617518406,0.638547444724786,0,0,0,0,0,1,0
"Othr",-0.212080141798942,0.842846279056137,0,1,0,0,0,0,0
"Othr",0.0733546221614716,1.02783529215188,0,1,0,0,0,0,0
"Othr",-0.127120970216482,1.00736072116836,0,1,0,0,0,0,0
"Othr",-0.630463986761627,0.809793158441644,0,1,0,0,0,0,0
"Othr",-0.35935606423552,0.787134755690923,0,0,0,1,0,0,0
"Othr",0.149697651342881,1.40738298135259,0,1,0,0,0,0,0
"Othr",-0.298241565809457,0.925992682911641,0,1,0,0,0,0,0
"Othr",-0.137540491259614,0.869579763170026,0,0,0,0,0,1,0
"Othr",-0.322186426668193,1.11820281120608,0,0,0,1,0,0,0
"Othr",-0.88534150150901,0.715905997949558,0,0,0,0,0,1,0
"Othr",0.829871962514257,1.0826032946075,0,1,0,0,0,0,0
"Othr",0.0173496965546371,0.880076205340439,0,0,0,0,0,1,0
"Othr",-0.101873669227354,0.940841316627178,0,1,0,0,0,0,0
"Othr",-0.136939365045587,0.969893070685146,0,0,1,0,0,0,0
"Othr",-0.272192763201627,0.798528131095405,0,1,0,0,0,0,0
"Othr",-0.0688117274558775,0.955472690497979,0,0,0,0,0,1,0
"Othr",-0.240032510751191,1.0045988289353,0,1,0,0,0,0,0
"Othr",0.66155662258674,0.812209827877131,0,0,0,0,0,1,0
"Othr",-0.334810077162757,0.758070124035412,0,1,0,0,0,0,0
"Othr",0.0117391852237199,0.746203541808196,0,1,0,0,0,0,0
"Othr",-0.232117682266504,1.20107656013365,0,0,0,1,0,0,0
"Othr",-0.049776064011694,0.284080216890501,0,0,0,0,0,0,1
"Othr",-0.16739642655628,0.885283397730448,0,0,0,0,0,1,0
"Othr",0.0627347257136639,1.57702079767148,0,1,0,0,0,0,0
"Othr",0.0878818390004537,1.70940780557229,0,1,0,0,0,0,0
"Othr",-0.239832135346515,1.03456803964932,0,1,0,0,0,0,0
"Othr",-0.552718329747488,0.769797540299319,0,0,0,0,0,1,0
"Othr",-0.332305384604312,1.07296384000572,0,1,0,0,0,0,0
"Othr",-0.127421533323495,1.17809078538689,0,1,0,0,0,0,0
"Othr",-0.151967520396258,0.416968885936327,0,0,0,0,0,1,0
"Othr",4.26701146661742,1.27584911160424,0,1,0,0,0,0,0
"Othr",-0.734859572597623,1.09109438216892,0,1,0,0,0,0,0
"Othr",-0.211078264775564,0.457610843803426,0,0,0,0,0,0,1
"Othr",-0.332305384604312,0.758070124035412,0,0,0,0,0,1,0
"Othr",-0.113695818103215,1.08685785068214,0,1,0,0,0,0,0
"Othr",-0.211579203287253,0.722039387201981,0,0,0,0,0,1,0
"Othr",0.169534816405767,1.18388695097411,0,0,0,1,0,0,0
"Shed",-0.218191591641549,0.642527747430828,0,1,0,0,0,0,0
"Othr",-0.307659209829211,0.598540076077583,0,0,0,0,0,0,1
"Othr",-0.038354665945184,0.658943894622244,0,0,0,0,0,1,0
"Othr",-0.0947603423613697,0.781389016951475,0,1,0,0,0,0,0
"Othr",-0.332305384604312,0.746203541808196,0,0,0,0,0,1,0
"Othr",-0.293232180692567,0.991141081080699,0,1,0,0,0,0,0
"Othr",-0.155273714573405,0.339372184217062,0,0,0,0,0,1,0
"Othr",-0.23963175994184,1.27935736393692,0,1,0,0,0,0,0
"Othr",0.445451748644089,1.29499394808378,0,1,0,0,0,0,0
"Othr",-0.175311255040967,0.969845346531406,0,1,0,0,0,0,0
"Othr",-0.0317422775908887,0.652409738821777,0,0,0,0,0,1,0
"Othr",0.157612479827568,1.33718824717616,0,0,0,1,0,0,0
"Othr",-0.0153114944074882,0.984108456108197,0,0,0,1,0,0,0
"Othr",-0.0526815073794905,0.895617137182364,0,1,0,0,0,0,0
"Othr",-0.00368972093630252,0.697276836658564,0,0,0,0,0,1,0
"Othr",0.506866810177165,1.02558093185901,0,1,0,0,0,0,0
"Othr",0.364399897452803,1.40738298135259,0,1,0,0,0,0,0
"Othr",0.0283703438117959,1.57637046305629,0,1,0,0,0,0,0
"Othr",-0.0947603423613697,0.274560189043477,0,1,0,0,0,0,0
"Othr",2.41784704456851,0.869579763170026,0,1,0,0,0,0,0
"Othr",-0.61253038804316,1.21050019055594,0,1,0,0,0,0,0
"Othr",-0.15597502848977,0.697276836658564,0,0,0,0,0,1,0
"Othr",0.0712506804123776,1.23276105000004,0,1,0,0,0,0,0
"Othr",-0.162086478332376,1.04406904484028,0,1,0,0,0,0,0
"Othr",-0.267784504298763,0.893043696269706,0,1,0,0,0,0,0
"Othr",1.19255144497712,1.27232850809337,0,0,0,0,0,1,0
"Othr",-0.236125190360016,0.763951023605378,0,0,0,0,0,1,0
"Othr",-0.207070756682052,0.853625584791798,0,1,0,0,0,0,0
"Othr",-0.346331662931605,1.14979173780774,0,1,0,0,0,0,0
"Othr",0.612965586952903,1.18388695097411,0,1,0,0,0,0,0
"Othr",1.12542568441079,0.684661755611273,0,1,0,0,0,0,0
"Othr",-0.131929979928696,1.5097988721188,0,1,0,0,0,0,0
"Othr",-0.151967520396258,0.837412738191309,0,1,0,0,0,0,0
"Othr",-0.715222782939412,0.815378438939347,0,0,0,0,0,1,0
"Othr",0.228745748487411,1.39185676851462,0,1,0,0,0,0,0
"Othr",-0.192743915247746,0.658995996101937,0,0,0,0,0,1,0
"Othr",-0.376187598228271,1.10536579749614,0,1,0,0,0,0,0
"Othr",0.0941936642477356,1.0165123229494,0,1,0,0,0,0,0
"Othr",-0.88534150150901,0.492058541279485,0,0,0,0,0,1,0
"Othr",-0.494008336177533,0.448810259174511,0,0,0,0,0,0,1
"Othr",-0.861296452947936,0.743214762493022,0,0,0,0,0,1,0
"Othr",0.0322776642029704,1.04347509821026,0,1,0,0,0,0,0
"Othr",-0.86430208401807,0.457610843803426,0,0,0,0,0,0,1
"Othr",0.0150453794008675,1.17226082830793,0,1,0,0,0,0,0
"Othr",-0.612830951150173,0.703525197159589,0,0,0,0,0,1,0
"Othr",-0.452530627409681,0.722039387201981,0,0,0,0,0,1,0
"Othr",-0.62485347543071,0.52944466047881,0,0,0,0,0,1,0
"Shed",0.184062033244749,0.665435632247709,0,0,0,0,0,1,0
"Othr",0.159415858469648,0.715905997949558,0,0,0,0,0,0,1
"Othr",-0.428485578848607,0.959820680909909,0,0,0,0,0,1,0
"Othr",-0.660720672867645,1.00505967435826,0,1,0,0,0,0,0
"Othr",-0.17701444598071,1.16443430165771,0,1,0,0,0,0,0
"Othr",-0.0663070348974323,0.772708030248331,0,1,0,0,0,0,0
"Othr",0.598638745518597,1.0826032946075,0,1,0,0,0,0,0
"Othr",0.0698480525796483,1.12394659340406,0,1,0,0,0,0,0
"Othr",-0.192042601331381,0.725092032344318,0,0,0,0,0,1,0
"Othr",-0.452530627409681,0.728135387197056,0,0,0,0,0,1,0
"Othr",-0.484189941348428,0.665435632247709,0,0,0,0,0,1,0
"Othr",6.03572516368908,1.40738298135259,0,1,0,0,0,0,0
"Othr",-0.121610646587902,1.14058034284674,0,1,0,0,0,0,0
"Othr",-0.151967520396258,1.16443430165771,0,1,0,0,0,0,0
"Othr",-0.122211772801929,1.07403949059573,0,0,0,0,0,1,0
"Othr",-0.0918548989935732,1.01878719679208,0,1,0,0,0,0,0
"Othr",-0.595698854050408,0.584606695258356,0,0,0,0,0,1,0
"Othr",4.27903399089796,1.33055565869279,0,1,0,0,0,0,0
"Othr",-0.542699559513708,0.95061931340856,0,0,0,0,0,1,0
"Othr",-0.350840109536806,0.665435632247709,0,0,0,0,0,1,0
"Othr",-0.251754471924714,1.35499321189505,0,0,0,1,0,0,0
"Othr",-0.332305384604312,0.920993734847882,0,0,0,0,0,1,0
"Othr",-0.224002478377142,0.297098831415812,0,0,0,0,0,1,0
"Othr",0.147393334189111,1.07704517140694,0,0,0,0,0,1,0
"Othr",-0.209074510728808,0.752154434790247,0,0,0,0,0,0,1
"Othr",-0.745880219854781,1.03340427295771,0,1,0,0,0,0,0
"Othr",0.011138059009693,0.97939241173112,0,1,0,0,0,0,0
"Othr",-0.10387742327411,0.877462405650806,0,1,0,0,0,0,0
"Othr",0.0912882208799391,1.31038978903842,0,1,0,0,0,0,0
"Othr",-0.122812899015956,1.06972992861778,0,1,0,0,0,0,0
"Othr",-0.370376711492678,1.17226082830793,0,1,0,0,0,0,0
"Othr",0.14378657690495,1.0826032946075,0,1,0,0,0,0,0
"Othr",-0.685467035345083,0.885283397730448,0,0,1,0,0,0,0
"Othr",-0.519656387976012,1.31377913446335,0,1,0,0,0,0,0
"Othr",-0.204065125611918,0.8013563072065,0,0,0,0,0,1,0
"Othr",0.261306751747199,1.16010345839725,0,1,0,0,0,0,0
"Othr",0.318213366675073,1.6759785994934,0,0,0,1,0,0,0
"Othr",0.0120397483307333,1.45843860483718,0,1,0,0,0,0,0
"Othr",-0.460044705085016,0.522907036834162,0,0,0,0,0,1,0
"Othr",0.552652590145543,1.53993462996645,0,1,0,0,0,0,0
"Othr",0.133166680457143,1.66174491900459,0,1,0,0,0,0,0
"Othr",-0.803187585592008,0.920993734847882,0,1,0,0,0,0,0
"Othr",-0.602812180916392,0.965109345398611,0,1,0,0,0,0,0
"Othr",-0.276400646699815,0.8013563072065,0,0,0,0,0,1,0
"Othr",-0.0918548989935732,0.880076205340439,0,1,0,0,0,0,0
"Othr",-0.0228255720828238,0.925992682911641,0,1,0,0,0,0,0
"Othr",0.172941198285252,1.0165123229494,0,1,0,0,0,0,0
"Othr",0.0283703438117959,0.945742266122892,0,1,0,0,0,0,0
"Othr",-0.900770407669032,0.496665340502846,0,1,0,0,0,0,0
"Othr",-0.786656614706269,0.697276836658564,0,0,0,1,0,0,0
"Othr",-0.102875546250732,0.80417650728979,0,1,0,0,0,0,0
"Othr",0.507067185581841,1.00637191984995,0,1,0,0,0,0,0
"Othr",-0.259068174195374,0.920993734847882,0,0,0,0,0,1,0
"Othr",-0.474171171114647,0.536462621797917,0,1,0,0,0,0,0
"Othr",-0.139944996115721,1.05668867545432,0,0,0,0,0,1,0
"Othr",-0.272192763201627,0.787134755690923,0,1,0,0,0,0,0
"Shed",-0.298742504321146,0.728135387197056,0,1,0,0,0,0,0
"Othr",-0.86430208401807,0.684661755611273,0,0,0,0,0,1,0
"Othr",-0.0715167954189983,1.22797973950852,0,1,0,0,0,0,0
"Shed",-0.134935610998831,0.842846279056137,0,0,0,0,0,1,0
"Othr",0.509471690437948,1.43473677633871,0,1,0,0,0,0,0
"Othr",-0.822423624440867,0.880076205340439,0,1,0,0,0,0,0
"Othr",-0.29263105447854,0.755116653828857,0,0,0,0,0,1,0
"Othr",-0.0964635333011124,1.18388695097411,0,1,0,0,0,0,0
"Othr",-0.265981125656683,1.15773325081037,0,1,0,0,0,0,0
"Othr",-0.0918548989935732,0.95061931340856,0,0,0,0,0,1,0
"Othr",-0.0918548989935732,0.755116653828857,0,1,0,0,0,0,0
"Shed",0.404975916899615,0.969415726624988,0,0,0,0,1,0,0
"Othr",-0.373181967158137,1.13519455076817,0,1,0,0,0,0,0
"Othr",-0.141948750162477,0.786561665150729,0,0,0,0,0,1,0
"Othr",-0.133232420059088,0.809793158441644,0,1,0,0,0,0,0
"Othr",0.00773167713020755,0.574027758017563,0,0,0,0,0,1,0
"Othr",0.170636881131483,1.72842735262347,0,1,0,0,0,0,0
"Othr",-0.00689572741111236,0.93591622947954,0,1,0,0,0,0,0
"Othr",-0.0309407759721862,1.36006188444324,0,1,0,0,0,0,0
"Othr",-0.098767850454882,1.1683552217782,0,1,0,0,0,0,0
"Othr",0.0401924926876572,1.25453713548339,0,0,0,0,0,1,0
"Othr",0.0283703438117959,0.640871212884514,0,0,0,0,0,0,1
"Othr",0.147393334189111,0.895617137182364,0,1,0,0,0,0,0
"Othr",-0.552718329747488,0.940841316627178,0,0,0,0,0,1,0
"Othr",2.96326889609553,1.05996496783667,0,0,0,1,0,0,0
"Othr",0.127255606019212,1.51188268372948,0,1,0,0,0,0,0
"Othr",-0.302249073902969,1.02105690732742,0,1,0,0,0,0,0
"Othr",0.278839599656315,0.798528131095405,0,1,0,0,0,0,0
"Othr",-0.142149125567153,0.496665340502846,0,0,0,0,0,0,1
"Othr",2.21927501853497,1.12690405749964,0,1,0,0,0,0,0
"Othr",-0.0317422775908887,1.0165123229494,0,1,0,0,0,0,0
"Othr",-0.437001533547321,0.775610073822743,0,0,0,0,0,1,0
"Othr",-0.332305384604312,0.649126580165472,0,0,0,0,0,1,0
"Othr",-0.146357009065341,1.03008458173349,0,1,0,0,0,0,0
"Othr",-0.352342925071873,0.649126580165472,0,0,0,0,0,0,1
"Othr",-0.159581785773931,1.07403949059573,0,1,0,0,0,0,0
"Othr",0.222233547835454,0.673491486320568,0,0,0,0,0,1,0
"Othr",0.103811683672165,0.93591622947954,0,1,0,0,0,0,0
"Shed",0.0907872823682501,1.38242399705462,0,1,0,0,0,0,0
"Othr",0.409183800397803,1.5097988721188,0,1,0,0,0,0,0
"Othr",0.0484078842793575,1.30357643929415,0,0,0,1,0,0,0
"Othr",-0.0377535397311571,1.17712148312249,0,1,0,0,0,0,0
"Othr",-0.647095145349703,0.80417650728979,0,1,0,0,0,0,0
"Othr",0.659953619349335,1.03753844938866,0,1,0,0,0,0,0
"Othr",0.332640395811718,1.23642348755913,0,1,0,0,0,0,0
"Othr",-0.178316886111101,1.16443430165771,0,0,0,0,0,1,0
"Othr",-0.327897125701448,0.78426601300473,0,0,0,0,0,1,0
"Othr",-0.228611112684681,0.758070124035412,0,0,0,0,0,1,0
"Othr",-0.11439713201958,1.35357977262957,0,0,0,1,0,0,0
"Othr",-0.64859796088477,0.842846279056137,0,1,0,0,0,0,0
"Othr",-0.452530627409681,0.681482961887057,0,1,0,0,0,0,0
"Othr",0.0630352888206774,1.3288906150746,0,1,0,0,0,0,0
"Othr",-0.174309378017589,0.652409738821777,0,0,0,0,0,1,0
"Othr",0.0108374959026796,1.41963268845963,0,0,0,1,0,0,0
"Othr",-0.414459300521314,0.684661755611273,0,0,0,0,0,1,0
"Othr",0.434130538279917,0.848250456032669,0,1,0,0,0,0,0
"Othr",0.0524153923728698,0.652409738821777,0,0,0,0,1,0,0
"Othr",1.137648584096,1.0165123229494,0,1,0,0,0,0,0
"Othr",-0.733456944764893,1.25453713548339,0,1,0,0,0,0,0
"Othr",0.0825718907765499,0.737210271223941,0,0,0,0,0,1,0
"Othr",-0.0507779410350721,0.993474341554636,0,1,0,0,0,0,0
"Othr",0.339653534975364,0.652409738821777,0,0,0,0,0,0,1
"Othr",1.12843131548092,1.06105468427764,0,0,0,0,0,1,0
"Othr",0.283448233963854,1.36970694333052,0,1,0,0,0,0,0
"Othr",-0.366569578803842,0.775610073822743,0,0,0,0,0,1,0
"Othr",0.0682450493422434,1.53723223605011,0,0,0,1,0,0,0
"Othr",-0.0346477209586851,1.18002657582044,0,1,0,0,0,0,0
"Othr",0.181356965281628,1.51423909944683,0,0,0,1,0,0,0
"Othr",-0.349136918597063,0.820711118241229,0,0,0,0,0,1,0
"Othr",0.258902246891091,0.85683684832313,0,0,0,0,0,1,0
"Othr",-0.319080607895721,0.728135387197056,0,1,0,0,0,0,0
"Othr",0.264713133626684,1.21983584457999,0,1,0,0,0,0,0
"Othr",-0.0550860122355978,0.993474341554636,0,0,0,1,0,0,0
"Othr",-0.00168596688954637,0.837412738191309,0,0,0,1,0,0,0
"Othr",-0.204065125611918,0.718977394876364,0,0,0,0,0,1,0
"Othr",-0.423275818327041,0.869579763170026,0,0,0,0,0,1,0
"Othr",0.126253728995834,0.967504068542603,0,1,0,0,0,0,0
"Othr",-0.692580362211068,0.874841756104291,0,0,0,0,0,1,0
"Othr",0.163623741967836,0.795691933713265,0,1,0,0,0,0,0
"Othr",0.407580797160398,1.04745753646819,0,1,0,0,0,0,0
"Othr",0.219127729062982,1.32150780452379,0,1,0,0,0,0,0
"Othr",0.132665741945454,0.718977394876364,0,0,0,0,0,0,1
"Othr",0.298877140123877,1.53723223605011,0,0,0,0,0,1,0
"Othr",-0.440508103129144,0.80417650728979,0,0,0,0,0,1,0
"Othr",0.0927910364150062,1.65190072473493,0,1,0,0,0,0,0
"Othr",-0.0250297015342555,0.787134755690923,0,0,0,0,0,1,0
"Othr",-0.178016323004088,0.826456276130599,0,0,0,0,0,1,0
"Othr",1.46055354873076,0.858971975941282,0,1,0,0,0,0,0
"Shed",-0.141948750162477,0.445590746236288,0,0,0,0,0,1,0
"Othr",-0.220095157985967,1.06496786030377,0,1,0,0,0,0,0
"Othr",-0.392418006006996,0.83194951259351,0,0,0,0,0,1,0
"Othr",-0.60932438156835,0.842846279056137,0,1,0,0,0,0,0
"Othr",-0.253157099757444,0.665435632247709,0,0,0,0,0,1,0
"Othr",0.0786645703853754,1.5208626910909,0,1,0,0,0,0,0
"Othr",-0.692981113020419,0.694163104597735,0,0,0,0,0,1,0
"Othr",-0.660720672867645,1.10035624011183,0,1,0,0,0,0,0
"Othr",0.247180285717568,1.19347318952517,0,1,0,0,0,0,0
"Othr",-0.858290821877802,0.900744236023968,0,1,0,0,0,0,0
"Othr",0.0410941820086975,1.39185676851462,0,0,0,1,0,0,0
"Othr",-0.151967520396258,0.848250456032669,0,0,0,0,0,1,0
"Othr",-0.0476721222626001,1.2029684039948,0,1,0,0,0,0,0
"Othr",-0.734859572597623,0.900744236023968,0,0,0,0,0,1,0
"Othr",0.229046311594425,1.20674138823471,0,1,0,0,0,0,0
"Othr",0.308895910357657,1.14459572709654,0,1,0,0,0,0,0
"Othr",0.195082680501908,0.905845181755621,0,0,0,0,0,1,0
"Othr",-0.272192763201627,1.22169256223194,0,1,0,0,0,0,0
"Othr",0.165427120609917,1.62549606653447,0,0,1,0,0,0,0
"Othr",-0.25786592176732,0.718977394876364,0,1,0,0,0,0,0
"Othr",0.0534172693962478,1.50422071842745,0,1,0,0,0,0,0
"Shed",-0.0122056756350162,0.885283397730448,0,1,0,0,0,0,0
"Othr",0.137074000848317,1.34869046479424,0,0,0,1,0,0,0
"Othr",-0.211879766394267,0.880076205340439,0,0,0,0,0,0,1
"Othr",-0.904276977250855,0.412812344939299,0,0,0,0,0,0,1
"Othr",-0.172005060863819,0.829206666313167,0,1,0,0,0,0,0
"Othr",-0.266081313359021,1.05318209158839,0,1,0,0,0,0,0
"Othr",-0.329600316641191,0.635885080689327,0,0,0,0,0,1,0
"Othr",0.117938149701796,1.5092786314095,0,1,0,0,0,0,0
"Othr",0.17304138598759,1.48159163899474,0,1,0,0,0,0,0
"Othr",-0.227308672554289,0.339372184217062,0,0,0,0,0,0,1
"Othr",0.0283703438117959,1.27584911160424,0,1,0,0,0,0,0
"Othr",-0.345930912122253,0.815378438939347,0,0,0,0,0,1,0
"Othr",-0.841559475587388,0.986458164031517,0,0,0,0,0,1,0
"Othr",-0.0117047371233271,0.970608659814574,0,1,0,0,0,0,0
"Othr",-0.0517798180584502,0.945742266122892,0,1,0,0,0,0,0
"Shed",0.182859780816695,0.842304251597645,0,1,0,0,0,0,0
"Othr",-0.0918548989935732,0.910920239835575,0,0,1,0,0,0,0
"Othr",0.109121631896069,0.815378438939347,0,1,0,0,0,0,0
"Othr",-0.149963766349502,0.986458164031517,0,1,0,0,0,0,0
"Othr",-0.151967520396258,0.752154434790247,0,0,0,0,0,1,0
"Othr",-0.59379528770599,1.16246806138157,0,1,0,0,0,0,0
"Othr",0.138576816383384,0.469488173016057,0,1,0,0,0,0,0
"Othr",-0.126920594811806,0.839589698620692,0,1,0,0,0,0,0
"Shed",-0.354446866820967,0.864289935133444,0,0,0,0,0,1,0
"Othr",0.0379883632362255,1.12435560390629,0,0,0,0,0,0,1
"Othr",-0.440508103129144,0.274560189043477,0,0,0,0,0,0,1
"Othr",-0.452530627409681,0.548899455394179,0,0,0,1,0,0,0
"Othr",-0.174309378017589,0.488975509058368,0,0,0,0,0,0,1
"Othr",-0.654709410727377,1.35864265577419,0,1,0,0,0,0,0
"Othr",0.216422661099861,1.38872238732823,0,1,0,0,0,0,0
"Othr",-0.347333539954983,1.22539568722925,0,1,0,0,0,0,0
"Othr",0.334944712965487,1.58993945518526,0,1,0,0,0,0,0
"Othr",0.0276690298954313,0.905845181755621,0,1,0,0,0,0,0
"Othr",-0.133232420059088,1.65425774136534,0,1,0,0,0,0,0
"Othr",0.00131966418058786,0.860304119403153,0,0,0,0,0,1,0
"Othr",-0.332305384604312,0.586709119032861,0,0,0,0,0,1,0
"Othr",-0.00649497660176113,0.920993734847882,0,1,0,0,0,0,0
"Othr",-0.282211533435408,0.920993734847882,0,1,0,0,0,0,0
"Othr",-0.859693449710531,0.485108303984698,0,0,0,0,0,0,1
"Othr",-0.23963175994184,1.14839546564307,0,1,0,0,0,0,0
"Othr",-0.143551753399882,0.652409738821777,0,0,0,0,0,1,0
"Othr",-0.17701444598071,1.08685785068214,0,1,0,0,0,0,0
"Othr",-0.0197197533103517,0.815378438939347,0,0,0,0,0,1,0
"Othr",-0.00799779213682825,1.60269334727294,0,1,0,0,0,0,0
"Othr",-0.88534150150901,0.511869844640366,0,0,0,0,0,1,0
"Othr",-0.0510785041420855,0.872214220704371,0,1,0,0,0,0,0
"Othr",-0.332305384604312,0.890463615668397,0,1,0,0,0,0,0
"Othr",0.699928512582121,0.581092803069054,0,1,0,0,0,0,0
"Othr",-0.0580916433057321,0.97939241173112,0,0,0,0,0,1,0
"Othr",0.187067664314883,1.11573105492791,0,1,0,0,0,0,0
"Othr",3.61398802277959,1.72650106119047,0,1,0,0,0,0,0
"Othr",0.304888402264145,0.665435632247709,0,1,0,0,0,0,0
"Othr",-0.0505775656303965,0.829206666313167,0,0,0,0,0,1,0
"Othr",0.0678442985328921,1.24189211583905,0,1,0,0,0,0,0
"Othr",0.794806266696024,0.781389016951475,0,0,0,0,1,0,0
"Othr",-0.23963175994184,1.09741571544612,0,1,0,0,0,0,0
"Othr",0.366503839201897,0.984108456108197,0,0,0,0,0,1,0
"Othr",0.108520505682042,0.829206666313167,0,0,0,0,0,1,0
"Othr",-0.188736407154233,1.00965648531536,0,1,0,0,0,0,0
"Othr",-0.3895125626392,0.623141142008396,0,0,0,0,0,1,0
"Othr",0.0734548098638094,0.969893070685146,0,1,0,0,0,0,0
"Othr",0.393253955726091,1.33553421967225,0,1,0,0,0,0,0
"Othr",-0.131929979928696,0.842846279056137,0,1,0,0,0,0,0
"Othr",-0.824327190785285,0.887876861027908,0,1,0,0,0,0,0
"Othr",-0.0918548989935732,0.504296489411521,1,0,0,0,0,0,0
"Othr",-0.149763390944826,0.662195031257901,0,0,0,0,0,1,0
"Othr",0.132966305052467,1.65815461616063,0,1,0,0,0,0,0
"Othr",-0.0572901416870296,0.778503719904261,0,0,0,0,0,1,0
"Othr",-0.250952970306012,0.858971975941282,0,1,0,0,0,0,0
"Othr",-0.602812180916392,0.942971279440879,0,0,0,0,0,1,0
"Othr",-0.764414944787276,1.00736072116836,0,1,0,0,0,0,0
"Othr",0.0732544344591338,1.42267181185837,0,1,0,0,0,0,0
"Othr",0.626490926768507,1.20674138823471,0,1,0,0,0,0,0
"Othr",-0.546506692202544,1.15456420970047,0,1,0,0,0,0,0
"Othr",-0.031040963674524,1.23230230073084,0,1,0,0,0,0,0
"Othr",-0.542198621002019,0.889429716629483,0,0,0,0,0,1,0
"Othr",-0.243238517226001,1.70385221672775,0,1,0,0,0,0,0
"Othr",-0.294534620822958,1.10244416810663,0,1,0,0,0,0,0
"Othr",-0.61022607088939,0.848250456032669,0,1,0,0,0,0,0
"Othr",1.5690568303626,1.56393306179808,0,1,0,0,0,0,0
"Othr",-0.512643248812365,0.655551462420749,0,0,0,0,0,1,0
"Othr",-0.440508103129144,0.850941631909033,0,0,0,0,0,1,0
"Othr",0.330035515550935,1.02105690732742,0,1,0,0,0,0,0
"Othr",-0.452530627409681,0.519386275001995,0,0,0,0,0,1,0
"Othr",-0.410451792427802,0.7491834149336,0,0,0,0,0,1,0
"Othr",-0.207070756682052,0.834684856242011,0,0,0,0,0,1,0
"Othr",-0.624653100026034,1.10786327527243,0,1,0,0,0,0,0
"Othr",0.382133120766595,1.50282130456468,0,1,0,0,0,0,0
"Othr",-0.0918548989935732,0.842846279056137,0,1,0,0,0,0,0
"Othr",0.192477800241125,1.63245569482528,0,0,0,1,0,0,0
"Othr",-0.289224672599054,0.842846279056137,0,0,0,0,0,1,0
"Othr",-0.212080141798942,1.17615124039954,0,1,0,0,0,0,0
"Othr",-0.492605708344804,0.225551191785074,0,0,0,0,0,0,1
"Othr",10.4828568950597,1.47297194872733,0,1,0,0,0,0,0
"Othr",-0.428485578848607,1.32387878509104,0,1,0,0,0,0,0
"Othr",-0.150164141754177,1.03698077466189,0,1,0,0,0,0,0
"Othr",-0.336112517293148,0.664788351624861,0,1,0,0,0,0,0
"Othr",-0.180821578669546,0.617563403354434,0,0,0,0,0,1,0
"Othr",-0.585680083816627,1.078330559916,0,1,0,0,0,0,0
"Othr",-0.0645036562553518,0.781389016951475,0,0,0,0,0,1,0
"Othr",0.300580331063619,0.789995292228234,0,1,0,0,0,0,0
"Othr",-0.0377535397311571,0.969893070685146,0,1,0,0,0,0,0
"Othr",0.0283703438117959,0.943294793785275,0,0,0,0,0,1,0
"Othr",-0.0517798180584502,0.930966765742143,0,1,0,0,0,0,0
"Othr",0.00252191660864155,1.57961791501462,0,1,0,0,0,0,0
"Othr",-0.0597948342454748,0.778503719904261,0,1,0,0,0,0,0
"Othr",-0.396124950993495,1.39185676851462,0,1,0,0,0,0,0
"Othr",-0.61022607088939,0.858971975941282,0,1,0,0,0,0,0
"Othr",-0.240132698453529,0.755116653828857,0,0,0,0,0,1,0
"Othr",-0.234922937931963,0.815378438939347,0,0,0,0,0,1,0
"Othr",0.277436971823586,1.52360962481673,0,1,0,0,0,0,0
"Shed",-0.356350433165385,0.731169508136004,0,0,0,0,0,1,0
"Othr",1.11991536078221,1.21050019055594,0,1,0,0,0,0,0
"Othr",-0.320883986537801,1.10160784662782,0,1,0,0,0,0,0
"Othr",0.0959970428898161,0.665435632247709,0,0,0,0,0,1,0
"Othr",-0.428485578848607,0.619082763586618,0,0,0,0,0,1,0
"Othr",-0.513745313538081,1.26347238788397,0,1,0,0,0,0,0
"Othr",-0.0928567760169513,1.07188703114551,0,1,0,0,0,0,0
"Othr",0.0888837160238317,1.21237430673591,0,1,0,0,0,0,0
"Shed",-0.0517798180584502,0.795123727675778,0,1,0,0,0,0,0
"Othr",-0.15417164984769,0.652409738821777,0,1,0,0,0,0,0
"Othr",0.0283703438117959,0.960302626043088,0,0,0,0,0,1,0
"Othr",-0.197653112662298,0.552528103819657,0,0,0,0,0,1,0
"Othr",-0.00539291187604525,1.27549760848899,0,1,0,0,0,0,0
"Othr",0.0283703438117959,1.03456803964932,0,0,0,0,0,0,1
"Othr",-0.120608769564524,1.0826032946075,0,1,0,0,0,0,0
"Othr",-0.0918548989935732,0.798528131095405,0,0,0,0,0,1,0
"Othr",-0.375586472014244,0.853625584791798,0,0,0,0,0,1,0
"Othr",-0.207070756682052,1.03456803964932,0,1,0,0,0,0,0
"Othr",0.237361890888463,1.0165123229494,0,1,0,0,0,0,0
"Othr",-0.513144187324054,1.03903148585853,0,1,0,0,0,0,0
"Othr",-0.155674465382757,1.46660328413738,0,0,0,1,0,0,0
"Othr",-0.172505999375508,1.26169171309037,0,0,0,1,0,0,0
"Othr",0.118539275915823,1.3632196255938,0,0,0,0,0,1,0
"Othr",0.00763148942786974,1.34508971787537,0,1,0,0,0,0,0
"Othr",-0.211579203287253,0.584606695258356,0,0,0,0,0,1,0
"Othr",-0.172005060863819,0.574027758017563,0,0,0,0,0,0,1
"Othr",-0.277202148318517,0.955472690497979,0,1,0,0,0,0,0
"Othr",-0.128323222644535,1.19156327939985,0,1,0,0,0,0,0
"Othr",-0.0277347694973764,1.39342028266004,0,1,0,0,0,0,0
"Othr",-0.259168361897712,0.925992682911641,0,0,0,0,0,1,0
"Othr",-0.730050562885408,1.00505967435826,0,0,0,0,0,1,0
"Othr",0.0252645250393239,1.17226082830793,0,1,0,0,0,0,0
"Othr",0.110123508919447,0.940349898021599,0,1,0,0,0,0,0
"Othr",-0.825228880106325,1.03635580952488,0,0,0,0,0,1,0
"Othr",0.174343826117982,1.43773040959852,0,1,0,0,0,0,0
"Shed",-0.141948750162477,0.772708030248331,0,0,0,0,0,1,0
"Othr",-0.361259630579938,0.598540076077583,0,0,0,0,0,1,0
"Othr",-0.188035093237869,1.18465724092151,0,1,0,0,0,0,0
"Othr",-0.108886808391001,1.56918872861196,0,1,0,0,0,0,0
"Othr",-0.0969644718128014,1.37608568548828,0,1,0,0,0,0,0
"Othr",0.407781172565073,1.35725380714263,0,1,0,0,0,0,0
"Shed",-0.00960079537423317,1.10993975262812,0,1,0,0,0,0,0
"Shed",0.199490939404771,0.945742266122892,0,1,0,0,0,0,0
"Othr",-0.141948750162477,1.1909398594501,0,1,0,0,0,0,0
"Othr",-0.327095624082746,0.814821312591559,0,0,0,0,0,1,0
"Othr",-0.164290607783808,0.612281982624585,0,0,0,0,0,1,0
"Othr",-0.270289196857209,0.645832606862457,0,0,0,0,0,1,0
"Othr",-0.036751662707779,0.694137954404376,0,1,0,0,0,0,0
"Othr",0.371613412021125,1.71070089398245,0,1,0,0,0,0,0
"Othr",-0.602812180916392,0.955472690497979,0,1,0,0,0,0,0
"Othr",0.0694473017702971,1.20862255546865,0,1,0,0,0,0,0
"Othr",0.283848984773205,0.856302353349575,0,1,0,0,0,0,0
"Othr",-0.212080141798942,0.864289935133444,0,0,0,0,0,1,0
"Othr",0.00131966418058786,0.815378438939347,0,1,0,0,0,0,0
"Othr",-0.264678685526291,1.02105690732742,0,1,0,0,0,0,0
"Othr",-0.337014206614189,1.02060337716015,0,1,0,0,0,0,0
"Othr",0.577899891134671,1.07016172153123,0,1,0,0,0,0,0
"Othr",-0.141848562460139,0.972276379096088,0,1,0,0,0,0,0
"Othr",-0.422474316708338,0.775610073822743,0,0,0,0,0,0,1
"Othr",-0.0728192355493898,0.953048946359027,0,1,0,0,0,0,0
"Shed",0.0283703438117959,0.837412738191309,0,0,0,0,0,1,0
"Othr",-0.0375531643264815,1.25094055917733,0,0,0,1,0,0,0
"Othr",-0.452530627409681,0.651753968854775,0,0,0,0,0,1,0
"Othr",0.169134065596416,1.07188703114551,0,1,0,0,0,0,0
"Othr",-0.734859572597623,0.946719580283447,0,1,0,0,0,0,0
"Othr",0.0817703891578474,0.87903150515538,0,1,0,0,0,0,0
"Othr",-0.0597948342454748,1.37541782619707,0,1,0,0,0,0,0
"Othr",-0.136137863426884,1.22169256223194,0,1,0,0,0,0,0
"Shed",0.0315763502866058,1.10160784662782,0,1,0,0,0,0,0
"Othr",-0.212080141798942,0.998124593428863,0,1,0,0,0,0,0
"Othr",-0.232418245373517,0.861634490619443,0,1,0,0,0,0,0
"Othr",-0.284515850589177,0.665435632247709,0,1,0,0,0,0,0
"Othr",-0.332305384604312,1.0165123229494,0,0,0,0,0,1,0
"Shed",0.228545373082736,1.12435560390629,0,1,0,0,0,0,0
"Othr",-0.57275587021505,0.664788351624861,0,0,0,0,0,1,0
"Othr",-0.232217869968842,1.078330559916,0,1,0,0,0,0,0
"Othr",-0.151967520396258,0.715905997949558,0,1,0,0,0,0,0
"Othr",0.176047017057724,1.23158623137763,0,1,0,0,0,0,0
"Othr",-0.0768267436429021,0.818159424320983,0,1,0,0,0,0,0
"Othr",1.08875698535515,1.21611203496018,0,1,0,0,0,0,0
"Othr",0.288858369890096,0.945497788268702,0,1,0,0,0,0,0
"Othr",-0.242136452500285,0.639211929677617,0,0,0,0,0,1,0
"Othr",-0.0377535397311571,1.04347509821026,0,1,0,0,0,0,0
"Othr",-0.609023818461336,0.866938346932739,0,1,0,0,0,0,0
"Shed",-0.180821578669546,0.235477401810151,0,0,1,0,0,0,0
"Shed",-0.0768267436429021,0.935422384025468,0,1,0,0,0,0,0
"Othr",-0.227308672554289,0.703525197159589,0,0,0,0,0,1,0
"Othr",0.162321301837445,1.22132149439118,0,1,0,0,0,0,0
"Othr",0.0909876577729257,0.826456276130599,0,1,0,0,0,0,0
"Othr",0.275333030074492,1.37925986303723,0,1,0,0,0,0,0
"Othr",-0.170402057626414,0.920993734847882,0,1,0,0,0,0,0
"Othr",-0.415360989842354,1.21797567311384,0,1,0,0,0,0,0
"Othr",-0.329700504343529,1.05230352097732,0,1,0,0,0,0,0
"Othr",-0.452530627409681,0.548899455394179,0,0,0,0,0,1,0
"Othr",0.188069541338261,1.22169256223194,0,0,0,1,0,0,0
"Othr",-0.0617985882922309,0.840133199039974,0,0,0,0,0,1,0
"Othr",0.0700484279843239,1.24949829892086,0,1,0,0,0,0,0
"Othr",0.42942171627004,1.68768716968771,0,1,0,0,0,0,0
"Othr",-0.439506226105766,0.662195031257901,0,0,0,0,0,0,1
"Othr",-0.199155928197365,1.078330559916,0,1,0,0,0,0,0
"Othr",1.82152984025388,1.06105468427764,0,1,0,0,0,0,0
"Othr",-0.798779326689144,0.882162337205053,0,0,0,0,0,1,0
"Othr",0.138576816383384,0.974654020850761,0,1,0,0,0,0,0
"Othr",-0.735059948002298,0.900744236023968,0,0,0,0,0,1,0
"Othr",-0.0970646595151392,1.26524989751015,0,1,0,0,0,0,0
"Othr",-0.051379067249099,0.97939241173112,0,1,0,0,0,0,0
"Othr",-0.264678685526291,0.842575302051111,0,1,0,0,0,0,0
"Othr",-0.0918548989935732,0.775610073822743,0,1,0,0,0,0,0
"Othr",-0.242136452500285,0.913448142860081,0,0,0,0,0,1,0
"Othr",-0.88534150150901,0.598540076077583,0,0,0,0,0,1,0
"Othr",-0.0993689766689088,0.864289935133444,0,1,0,0,0,0,0
"Othr",0.125251851972456,0.789995292228234,0,0,0,0,0,1,0
"Othr",0.164124680479525,0.842846279056137,0,0,0,0,0,1,0
"Othr",-0.00769722902981482,0.933444559756627,0,0,0,0,0,1,0
"Othr",-0.149963766349502,1.01605672651482,0,1,0,0,0,0,0
"Othr",-0.252155222734065,0.848250456032669,0,0,0,0,0,0,1
"Othr",0.215220408671807,0.915465874324783,0,0,0,0,0,1,0
"Othr",0.614167839380957,0.998124593428863,0,0,1,0,0,0,0
"Othr",-0.120208018755173,1.17615124039954,0,1,0,0,0,0,0
"Othr",0.501556861953261,0.806988776206804,0,1,0,0,0,0,0
"Othr",3.5149023851675,1.27584911160424,0,0,0,0,0,1,0
"Othr",-0.0918548989935732,1.06972992861778,0,1,0,0,0,0,0
"Othr",-0.60932438156835,0.795691933713265,0,1,0,0,0,0,0
"Othr",-0.733456944764893,1.18388695097411,0,1,0,0,0,0,0
"Othr",-0.339518899172634,0.965109345398611,0,0,0,0,0,1,0
"Othr",0.158113418339257,0.93591622947954,0,1,0,0,0,0,0
"Othr",0.741706784456986,0.993474341554636,0,1,0,0,0,0,0
"Othr",-0.362662258412667,0.769797540299319,0,0,0,0,0,1,0
"Othr",0.0454022532092232,0.880076205340439,0,0,0,0,0,1,0
"Othr",-0.23963175994184,1.01194699099924,0,1,0,0,0,0,0
"Othr",-0.0117047371233271,0.905845181755621,0,1,0,0,0,0,0
"Othr",0.0513133276471539,1.31038978903842,0,1,0,0,0,0,0
"Othr",-0.288022420171001,1.08239009090384,0,0,0,0,0,1,0
"Othr",0.111025198240487,0.795691933713265,0,1,0,0,0,0,0
"Othr",-0.0846413844252511,0.905845181755621,0,1,0,0,0,0,0
"Othr",-0.259068174195374,0.8013563072065,0,1,0,0,0,0,0
"Othr",-0.188035093237869,1.31235700832862,0,1,0,0,0,0,0
"Othr",-0.17701444598071,0.887876861027908,0,0,0,0,0,1,0
"Othr",0.0139433146751516,1.30664819266265,0,1,0,0,0,0,0
"Shed",-0.355348556142007,0.781389016951475,0,1,0,0,0,0,0
"Othr",0.42531402047419,0.988802363767615,0,1,0,0,0,0,0
"Othr",-0.0579914556033943,1.26169171309037,0,1,0,0,0,0,0
"Othr",-0.392418006006996,0.662195031257901,0,0,0,0,0,1,0
"Othr",-0.17701444598071,1.1263981508305,0,1,0,0,0,0,0
"Othr",-0.162787792248741,0.703525197159589,0,1,0,0,0,0,0
"Othr",0.163022615753809,0.80417650728979,0,1,0,0,0,0,0
"Othr",-0.480583184064267,0.334879511053528,0,0,0,0,0,1,0
"Othr",-0.151967520396258,1.4772249951483,0,0,0,1,0,0,0
"Othr",1.47968939987728,0.799943218973133,0,1,0,0,0,0,0
"Othr",-0.168598678984334,1.60269334727294,0,1,0,0,0,0,0
"Shed",0.126754667507523,0.885283397730448,0,0,0,0,0,1,0
"Othr",-0.352342925071873,0.823698300433956,0,1,0,0,0,0,0
"Othr",-0.349938420215766,0.930966765742143,0,1,0,0,0,0,0
"Othr",0.324725567327031,1.07188703114551,0,1,0,0,0,0,0
"Othr",-0.0882481417094122,1.03008458173349,0,0,0,1,0,0,0
"Othr",-0.432092336132768,0.718977394876364,0,0,0,0,0,1,0
"Othr",-0.337314769721202,0.598540076077583,0,1,0,0,0,0,0
"Othr",-0.540795993169289,1.54773052548864,0,1,0,0,0,0,0
"Othr",-0.212781455715307,0.869579763170026,0,1,0,0,0,0,0
"Othr",0.596033865257814,0.818159424320983,0,1,0,0,0,0,0
"Othr",0.535821056152792,1.36970694333052,0,1,0,0,0,0,0
"Othr",0.164625618991214,0.893043696269706,0,1,0,0,0,0,0
"Shed",-0.245743209784446,0.745606500142155,0,0,0,0,0,1,0
"Othr",0.0668424215095141,1.00505967435826,0,1,0,0,0,0,0
"Othr",-0.210677513966213,0.918484858422345,0,1,0,0,0,0,0
"Othr",0.27723659641891,0.969893070685146,0,1,0,0,0,0,0
"Othr",-0.350539546429793,0.721170734217059,0,1,0,0,0,0,0
"Othr",-0.346732413740956,0.842846279056137,0,1,0,0,0,0,0
"Othr",-0.175511630445643,0.642527747430828,0,0,0,0,0,1,0
"Othr",-0.350539546429793,0.858721334675472,0,0,0,0,0,1,0
"Othr",-0.353044238988238,0.815378438939347,0,1,0,0,0,0,0
"Othr",-0.318279106277018,0.665435632247709,0,0,0,0,0,1,0
"Othr",-0.180821578669546,0.910920239835575,0,0,0,0,0,1,0
"Othr",-0.264678685526291,1.03903148585853,0,1,0,0,0,0,0
"Othr",0.435032227600957,1.27584911160424,0,1,0,0,0,0,0
"Othr",-0.43519815490524,0.761014896936634,0,1,0,0,0,0,0
"Othr",-0.0597948342454748,0.775610073822743,0,1,0,0,0,0,0
"Othr",0.298977327826214,1.3272227944617,0,1,0,0,0,0,0
"Othr",0.0985017354482613,1.31038978903842,0,1,0,0,0,0,0
"Othr",-0.163489106165106,0.792847669430791,0,1,0,0,0,0,0
"Othr",0.207606143294134,1.01194699099924,0,1,0,0,0,0,0
"Othr",0.108520505682042,0.917479542745976,0,0,0,0,0,1,0
"Othr",-0.123313837527645,0.861634490619443,0,0,0,0,0,1,0
"Shed",-0.440508103129144,0.511869844640366,0,0,0,0,0,1,0
"Othr",-0.425479947778473,0.869579763170026,1,0,0,0,0,0,0
"Othr",-0.753093734423104,1.01072451376741,0,0,0,0,0,1,0
"Othr",-0.853181249058574,0.408638454972425,0,1,0,0,0,0,0
"Othr",0.663560376633496,0.815378438939347,0,1,0,0,0,0,0
"Othr",0.261306751747199,1.26879546612966,0,1,0,0,0,0,0
"Othr",0.0513133276471539,1.02332147794078,0,1,0,0,0,0,0
"Othr",-0.205868504253998,1.12843653425946,0,1,0,0,0,0,0
"Othr",-0.174309378017589,0.874316801049456,0,0,0,0,0,0,1
"Othr",-0.0280353326043898,0.993427729657567,0,1,0,0,0,0,0
"Othr",-0.250952970306012,1.09531304114749,0,1,0,0,0,0,0
"Othr",-0.0277347694973764,1.15456420970047,0,1,0,0,0,0,0
"Othr",0.510373379758988,1.0165123229494,0,1,0,0,0,0,0
"Othr",0.148495398914827,1.42267181185837,0,0,0,1,0,0,0
"Othr",-0.0617985882922309,1.02105690732742,0,1,0,0,0,0,0
"Othr",0.13236517883844,1.26347238788397,0,1,0,0,0,0,0
"Othr",0.249384415169,1.21050019055594,0,0,0,1,0,0,0
"Othr",-0.159481598071593,1.12843653425946,0,1,0,0,0,0,0
"Othr",-0.141948750162477,0.712825138472962,0,0,0,0,0,1,0
"Othr",0.115533644845689,1.52360962481673,0,1,0,0,0,0,0
"Othr",-0.203363811695553,1.0826032946075,0,1,0,0,0,0,0
"Othr",1.71653312820385,1.28285335145072,0,1,0,0,0,0,0
"Othr",-0.470063475318797,0.448810259174511,0,0,0,0,0,1,0
"Othr",-0.0434642387644122,1.06061894018873,0,1,0,0,0,0,0
"Othr",-0.0843408213182377,1.32052355579167,0,1,0,0,0,0,0
"Othr",-0.176012568957332,1.27514246488425,0,1,0,0,0,0,0
"Othr",1.35986490788126,1.29119419053378,0,1,0,0,0,0,0
"Othr",0.212715716113362,0.900232707445092,0,1,0,0,0,0,0
"Othr",-0.176513507469021,1.18002657582044,0,0,0,1,0,0,0
"Othr",-0.281109468709692,0.895617137182364,0,0,0,0,0,0,1
"Othr",1.45103571700866,0.858971975941282,0,1,0,0,0,0,0
"Othr",0.386541379669458,0.829206666313167,0,0,1,0,0,0,0
"Othr",-0.170001306817063,0.757480127420813,0,0,0,0,0,1,0
"Othr",-0.235824627253003,0.858971975941282,0,1,0,0,0,0,0
"Othr",0.402671599745845,1.37608568548828,0,1,0,0,0,0,0
"Othr",0.349572117506807,1.093205936292,0,1,0,0,0,0,0
"Othr",-0.115899947554647,1.11407981665995,0,1,0,0,0,0,0
"Othr",-0.332305384604312,0.781389016951475,0,0,0,0,0,1,0
"Othr",-0.272192763201627,0.727527456736231,0,0,0,0,0,1,0
"Othr",-0.332305384604312,0.809232910806586,0,0,0,0,0,1,0
"Shed",0.055921961954693,1.00275332051766,0,1,0,0,0,0,0
"Othr",-0.111892439461135,0.772708030248331,0,0,0,0,0,0,1
"Othr",-0.338717397553931,0.869579763170026,0,1,0,0,0,0,0
"Othr",-0.923412828397377,0.752154434790247,0,1,0,0,0,0,0
"Othr",-0.310264090089994,0.798528131095405,0,0,0,0,0,1,0
"Othr",-0.207070756682052,1.06105468427764,0,1,0,0,0,0,0
"Othr",-0.795974071023685,0.920993734847882,0,0,0,0,0,1,0
"Othr",-0.331604070687947,0.706634797383081,0,0,0,0,0,0,1
"Othr",0.171338195047847,1.38242399705462,0,1,0,0,0,0,0
"Othr",-0.822423624440867,0.920993734847882,0,0,0,0,0,1,0
"Othr",0.140881133537154,1.27232850809337,0,1,0,0,0,0,0
"Othr",0.0800671982181047,1.18350158338111,0,0,0,1,0,0,0
"Othr",-0.0280353326043898,1.03412059733972,0,1,0,0,0,0,0
"Othr",-0.0918548989935732,0.945742266122892,0,0,0,0,0,1,0
"Othr",-0.313269721160128,0.815378438939347,0,1,0,0,0,0,0
"Othr",-0.0135081157654077,0.842846279056137,0,1,0,0,0,0,0
"Othr",0.0283703438117959,0.815378438939347,0,0,0,0,0,0,1
"Othr",-0.826431132534379,1.00736072116836,0,0,0,1,0,0,0
"Othr",-0.262975494586549,0.595074889111361,0,1,0,0,0,0,0
"Othr",0.112427826073217,1.04789905219322,0,1,0,0,0,0,0
"Othr",0.0898855930472098,0.981753214051403,0,0,0,0,0,1,0
"Othr",-0.788059242538999,0.969893070685146,0,0,0,0,0,1,0
"Othr",-0.462549397643462,0.492827816450851,0,0,0,0,0,0,1
"Othr",-0.625454601644737,1.12394659340406,0,1,0,0,0,0,0
"Othr",-0.106883054344244,0.665435632247709,0,0,0,0,0,1,0
"Othr",-0.170402057626414,0.837412738191309,0,0,0,0,0,1,0
"Othr",0.160818486302378,1.03188037778642,0,1,0,0,0,0,0
"Othr",0.16893369019174,1.56656434795525,0,1,0,0,0,0,0
"Othr",-0.734859572597623,0.945228793577404,0,1,0,0,0,0,0
"Othr",0.0734548098638094,1.33022287168492,0,1,0,0,0,0,0
"Othr",-0.0392563552662242,0.763951023605378,0,1,0,0,0,0,0
"Othr",0.0363853599988205,0.758070124035412,0,0,0,0,0,1,0
"Othr",-0.521660142022768,0.709734757960724,0,1,0,0,0,0,0
"Othr",-0.0358499733867388,1.71113761643008,0,1,0,0,0,0,0
"Othr",0.153204220924704,1.1036973403474,0,1,0,0,0,0,0
"Othr",-0.23963175994184,1.11201192715878,0,1,0,0,0,0,0
"Othr",-0.106682678939569,1.59761129313674,0,1,0,0,0,0,0
"Othr",0.716760046574872,0.984108456108197,0,1,0,0,0,0,0
"Othr",-0.075824866619524,1.06972992861778,0,1,0,0,0,0,0
"Othr",-0.16739642655628,1.0114893093835,0,1,0,0,0,0,0
"Othr",0.194281178883205,1.57049834068576,0,1,0,0,0,0,0
"Othr",-0.581572388020777,0.737812345377109,0,0,0,0,0,1,0
"Othr",0.014243877782165,0.823698300433956,0,1,0,0,0,0,0
"Othr",0.120242466855566,1.06105468427764,0,1,0,0,0,0,0
"Othr",-0.073219986358741,0.534251739723917,0,0,0,0,0,1,0
"Othr",-0.376187598228271,1.14859505249664,0,1,0,0,0,0,0
"Othr",-0.0311411513768618,0.465544717081493,0,0,0,0,0,1,0
"Othr",-0.512643248812365,0.496665340502846,0,0,0,0,0,1,0
"Othr",0.144287515416639,1.24733100080511,0,1,0,0,0,0,0
"Othr",0.0985017354482613,0.82593284572943,0,0,0,0,0,1,0
"Othr",-0.734859572597623,1.04347509821026,0,1,0,0,0,0,0
"Othr",-0.21358295733401,0.895102978535009,0,1,0,0,0,0,0
"Othr",0.164124680479525,0.962708873786939,0,1,0,0,0,0,0
"Othr",-0.831540705353607,0.511869844640366,0,1,0,0,0,0,0
"Othr",0.160417735493026,1.27584911160424,0,1,0,0,0,0,0
"Othr",-0.452530627409681,0.612281982624585,0,0,0,0,0,0,1
"Othr",1.07893859052605,0.815378438939347,0,1,0,0,0,0,0
"Othr",-0.0693126659675665,0.598540076077583,0,0,0,0,0,0,1
"Othr",0.00753130172553194,0.969893070685146,0,0,0,0,0,1,0
"Othr",-0.332305384604312,0.488975509058368,0,0,0,0,0,1,0
"Othr",0.114932518631662,0.72326156372319,0,0,0,0,0,1,0
"Othr",-0.212080141798942,1.22908514967041,0,1,0,0,0,0,0
"Othr",0.136873625443642,1.13654877026203,0,1,0,0,0,0,0
"Othr",-0.471165540044513,1.07188703114551,0,1,0,0,0,0,0
"Othr",0.026767340574391,0.945742266122892,0,1,0,0,0,0,0
"Othr",-0.751791294292712,1.17805203133026,0,1,0,0,0,0,0
"Othr",-0.349938420215766,1.02105690732742,0,1,0,0,0,0,0
"Othr",-0.311666717922723,1.09951397778084,0,1,0,0,0,0,0
"Othr",-0.10798511906996,0.504296489411521,0,0,0,0,0,1,0
"Othr",-0.734859572597623,1.08685785068214,0,1,0,0,0,0,0
"Othr",0.499052169394816,1.42872248940917,0,1,0,0,0,0,0
"Othr",-0.282211533435408,0.681482961887057,0,0,0,0,0,1,0
"Othr",-0.121911209694916,0.981753214051403,0,1,0,0,0,0,0
"Othr",-0.0998699151805979,1.44688600443334,0,1,0,0,0,0,0
"Othr",-0.102675170846056,0.632547126822316,0,1,0,0,0,0,0
"Othr",-0.88534150150901,0.715905997949558,0,0,0,0,0,1,0
"Othr",-0.344127533480173,0.945742266122892,0,0,0,0,0,0,1
"Othr",0.535620680748116,1.11201192715878,0,0,1,0,0,0,0
"Othr",0.403172538257534,1.49579470825984,0,1,0,0,0,0,0
"Othr",-0.23963175994184,1.24007256060117,0,1,0,0,0,0,0
"Othr",-0.421973378196649,0.726614867521335,0,0,1,0,0,0,0
"Othr",0.0985017354482613,0.481226085557444,0,0,0,0,0,1,0
"Othr",0.238564143316516,1.51118856222202,0,1,0,0,0,0,0
"Othr",-0.127922471835184,1.42872248940917,0,0,0,1,0,0,0
"Othr",-0.900069093752668,0.577566519888029,0,0,0,0,0,0,1
"Othr",-0.905679605083585,0.449613520439737,0,1,0,0,0,0,0
"Othr",0.261306751747199,0.920993734847882,0,1,0,0,0,0,0
"Othr",-0.138943119092343,1.00736072116836,0,1,0,0,0,0,0
"Othr",-0.514546815156784,1.10786327527243,0,1,0,0,0,0,0
"Othr",0.132465366540778,1.35123588805648,0,1,0,0,0,0,0
"Othr",-0.0918548989935732,1.40120139361421,0,1,0,0,0,0,0
"Othr",0.316910926544682,0.840676404227002,0,1,0,0,0,0,0
"Othr",-0.127421533323495,0.869579763170026,0,0,0,0,0,1,0
"Othr",1.12542568441079,0.697276836658564,0,1,0,0,0,0,0
"Othr",0.0584266545131382,0.488203263540339,0,0,0,0,0,1,0
"Othr",-0.152668834312622,1.02325361538594,0,1,0,0,0,0,0
"Othr",0.0659407321884738,1.12493202462899,0,1,0,0,0,0,0
"Othr",-0.101873669227354,0.969893070685146,0,1,0,0,0,0,0
"Othr",-0.195849734020218,0.866938346932739,0,0,1,0,0,0,0
"Othr",0.0851767710373329,1.3272227944617,0,1,0,0,0,0,0
"Othr",0.084575644823306,1.03903148585853,0,1,0,0,0,0,0
"Othr",-0.347133164550307,1.06475086289876,0,1,0,0,0,0,0
"Othr",1.94786653290185,1.30357643929415,0,0,0,1,0,0,0
"Othr",0.0792656965994022,1.56393306179808,0,1,0,0,0,0,0
"Othr",0.0759595024222545,1.2029684039948,0,0,0,0,0,1,0
"Othr",-0.560733345934513,1.17809078538689,0,1,0,0,0,0,0
"Shed",0.749721800644011,0.457610843803426,0,0,0,0,0,1,0
"Othr",0.308895910357657,0.526846629863795,0,0,0,0,0,1,0
"Othr",-0.452530627409681,0.66866576565487,0,0,0,0,0,1,0
"Othr",0.0484078842793575,0.915969671700818,0,1,0,0,0,0,0
"Othr",0.34897099129278,1.54531760718678,0,1,0,0,0,0,0
"Othr",-0.268485818215128,1.03008458173349,0,1,0,0,0,0,0
"Othr",-0.075824866619524,0.98363785126102,0,1,0,0,0,0,0
"Othr",-0.656512789369457,0.902787737733129,0,1,0,0,0,0,0
"Othr",-0.0918548989935732,0.815378438939347,0,0,0,0,0,1,0
"Othr",-0.0365512873031034,0.815378438939347,0,1,0,0,0,0,0
"Othr",0.118539275915823,0.915969671700818,0,1,0,0,0,0,0
"Othr",-0.293733119204256,0.537933832286417,0,0,0,0,0,1,0
"Othr",-0.257164607850956,0.943294793785275,0,1,0,0,0,0,0
"Othr",-0.196450860234244,1.09951397778084,0,1,0,0,0,0,0
"Othr",0.261306751747199,1.20107656013365,0,1,0,0,0,0,0
"Shed",0.0283703438117959,0.993474341554636,0,1,0,0,0,0,0
"Othr",0.536321994664481,0.836322478209745,0,1,0,0,0,0,0
"Othr",-0.60932438156835,0.925493911133968,0,1,0,0,0,0,0
"Othr",-0.174509753422265,0.763951023605378,0,1,0,0,0,0,0
"Othr",0.0524153923728698,0.869579763170026,0,1,0,0,0,0,0
"Othr",-0.302249073902969,0.80417650728979,0,1,0,0,0,0,0
"Othr",-0.177114633683048,1.09109438216892,0,1,0,0,0,0,0
"Shed",-0.172005060863819,0.945742266122892,0,1,0,0,0,0,0
"Othr",0.251889107727445,1.07188703114551,0,1,0,0,0,0,0
"Othr",-0.145054568934949,0.880076205340439,0,1,0,0,0,0,0
"Othr",-0.855886317021694,0.477328736751763,0,1,0,0,0,0,0
"Othr",0.0057279230834514,1.31715703101911,0,1,0,0,0,0,0
"Othr",-0.800983456140576,0.829206666313167,0,0,0,0,0,1,0
"Othr",-0.721434420484356,1.11201192715878,0,1,0,0,0,0,0
"Othr",-0.197653112662298,0.54817214297851,0,0,0,0,0,1,0
"Othr",-0.837251404386862,0.945742266122892,0,0,0,0,0,1,0
"Othr",-0.212080141798942,0.823698300433956,0,0,0,0,0,1,0
"Othr",-0.128924348858562,0.874841756104291,0,0,0,0,0,1,0
"Othr",-0.465755404118271,0.781389016951475,0,1,0,0,0,0,0
"Othr",-0.120208018755173,1.02301379746854,0,1,0,0,0,0,0
"Othr",-0.364165073947734,0.769797540299319,0,0,0,0,0,0,1
"Othr",-0.68336309359599,0.993474341554636,0,1,0,0,0,0,0
"Othr",-0.452530627409681,0.775610073822743,0,0,0,0,0,1,0
"Othr",0.136573062336628,0.930966765742143,0,1,0,0,0,0,0
"Othr",-0.212080141798942,0.274560189043477,0,0,0,0,0,1,0
"Othr",-0.0760252420241996,0.725092032344318,0,0,0,0,0,1,0
"Othr",-0.352342925071873,0.815378438939347,0,1,0,0,0,0,0
"Othr",-0.160984413606661,0.943294793785275,0,0,0,1,0,0,0
"Othr",-0.851678433523506,0.639211929677617,0,0,0,0,0,1,0
"Othr",0.174243638415644,1.53723223605011,0,1,0,0,0,0,0
"Othr",-0.0160128083238529,1.03858603667707,0,1,0,0,0,0,0
"Othr",1.27640855183387,1.39099579259219,0,0,0,1,0,0,0
"Othr",-0.245843397486784,1.04347509821026,0,1,0,0,0,0,0
"Othr",0.0846758325256438,1.40738298135259,0,1,0,0,0,0,0
"Othr",-0.252155222734065,1.07403949059573,0,1,0,0,0,0,0
"Othr",-0.00368972093630252,1.14459572709654,0,1,0,0,0,0,0
"Othr",-0.342324154838092,0.786561665150729,0,0,0,0,0,1,0
"Othr",-0.159681973476269,0.812589698105207,0,1,0,0,0,0,0
"Othr",-0.512643248812365,0.709734757960724,0,0,0,0,0,1,0
"Othr",0.157111541315879,1.51810819093091,0,1,0,0,0,0,0
"Othr",-0.277202148318517,1.05712613512747,0,0,0,1,0,0,0
"Othr",-0.0754241158101728,0.787134755690923,0,1,0,0,0,0,0
"Othr",0.331438143383664,0.842846279056137,0,0,0,1,0,0,0
"Othr",-0.296237811762701,0.808111473024076,0,1,0,0,0,0,0
"Othr",-0.225805857019222,0.71836386970577,0,0,0,0,0,1,0
"Othr",-0.0433640510620743,1.17576287957297,0,1,0,0,0,0,0
"Othr",-0.159381410369256,0.678294031201427,0,0,1,0,0,0,0
"Othr",-0.111391500949446,0.715905997949558,0,0,0,0,0,0,1
"Othr",-0.139444057604032,0.964629711836088,0,1,0,0,0,0,0
"Othr",-0.00829835524384167,0.697276836658564,0,0,0,0,0,1,0
"Othr",-0.684565346024043,1.01194699099924,0,1,0,0,0,0,0
"Othr",0.406278357030006,1.3404881173195,0,1,0,0,0,0,0
"Othr",0.128157295340252,1.18388695097411,0,0,0,1,0,0,0
"Othr",-0.332305384604312,0.842846279056137,0,0,0,0,0,1,0
"Othr",-0.271792012392276,0.815378438939347,0,0,0,0,0,1,0
"Othr",0.0195538260060689,0.552528103819657,0,0,0,0,0,0,1
"Othr",-0.0617985882922309,0.712825138472962,0,0,0,0,0,1,0
"Othr",-0.0690121028605531,1.27409035917914,0,1,0,0,0,0,0
"Othr",-0.17471012882694,0.988802363767615,0,1,0,0,0,0,0
"Othr",-0.434496840988875,0.612281982624585,0,0,0,0,0,1,0
"Othr",-0.0918548989935732,0.722039387201981,0,1,0,0,0,0,0
"Othr",-0.418266433210151,0.55614363274744,0,0,0,0,0,0,1
"Othr",-0.0699137921815934,1.10786327527243,0,1,0,0,0,0,0
"Othr",-0.178918012325128,0.864289935133444,0,0,0,0,0,1,0
"Othr",-0.31727722925364,0.837412738191309,0,0,0,0,0,1,0
"Othr",-0.0213227565477567,1.11407981665995,0,1,0,0,0,0,0
"Othr",-0.151967520396258,0.449613520439737,0,0,0,0,0,0,1
"Othr",0.16662937303797,0.449613520439737,0,0,0,0,0,1,0
"Othr",-0.428485578848607,0.890463615668397,0,0,0,0,0,1,0
"Othr",0.068445424746919,1.03903148585853,0,1,0,0,0,0,0
"Othr",0.148595586617165,1.01423226225403,0,1,0,0,0,0,0
"Othr",-0.482586938111023,0.709115534149029,0,0,0,0,0,1,0
"Othr",-0.151967520396258,0.858971975941282,0,0,0,0,0,1,0
"Othr",-0.224102666079479,0.752154434790247,0,1,0,0,0,0,0
"Othr",0.725175813571248,0.895102978535009,0,1,0,0,0,0,0
"Othr",0.360492577061628,1.24007256060117,0,1,0,0,0,0,0
"Othr",-0.46355127466684,0.731169508136004,0,0,0,0,0,1,0
"Othr",0.318914680591438,1.13168932991699,0,1,0,0,0,0,0
"Othr",0.0251643373369861,1.19537945884632,0,1,0,0,0,0,0
"Othr",-0.116901824578025,1.03858603667707,0,1,0,0,0,0,0
"Othr",-0.552618142045151,1.24007256060117,0,1,0,0,0,0,0
"Othr",0.141782822858194,1.25857860898436,0,1,0,0,0,0,0
"Othr",-0.139944996115721,1.06105468427764,0,1,0,0,0,0,0
"Othr",-0.825228880106325,0.874841756104291,0,1,0,0,0,0,0
"Othr",0.426917023711595,1.21797567311384,0,0,0,0,0,1,0
"Othr",-0.179619326241493,0.781389016951475,0,1,0,0,0,0,0
"Othr",0.238764518721192,0.658676831924561,0,0,0,0,1,0,0
"Othr",0.565075865235431,1.09951397778084,0,1,0,0,0,0,0
"Othr",-0.0977659734315039,1.25155289046132,0,1,0,0,0,0,0
"Othr",-0.00419065944799156,1.29447664872487,0,1,0,0,0,0,0
"Othr",0.0335801043333619,1.00736072116836,0,1,0,0,0,0,0
"Othr",0.321719936256897,1.25812082277082,0,0,1,0,0,0,0
"Othr",-0.0638023423389871,0.998124593428863,0,1,0,0,0,0,0
"Shed",-0.139944996115721,0.960302626043088,0,1,0,0,0,0,0
"Othr",-0.651202841145553,1.00229141074967,0,0,0,0,0,1,0
"Othr",0.752727431714145,1.1263981508305,0,0,0,0,0,0,1
"Othr",0.605451509277568,1.27232850809337,0,0,0,0,0,1,0
"Othr",0.0161474441265834,1.42267181185837,0,1,0,0,0,0,0
"Othr",-0.357252122486426,0.725092032344318,0,1,0,0,0,0,0
"Othr",-0.657915417202186,0.697276836658564,0,0,0,0,0,1,0
"Othr",-0.284115099779826,0.920492462866986,0,0,0,0,0,1,0
"Othr",-0.2185923424509,0.548899455394179,0,0,0,0,0,0,1
"Othr",0.0654397936767847,1.31038978903842,0,1,0,0,0,0,0
"Othr",-0.493908148475195,1.7049969251449,0,1,0,0,0,0,0
"Othr",0.0283703438117959,0.728135387197056,0,0,0,0,0,1,0
"Othr",2.46623770479767,1.06843343007835,1,0,0,0,0,0,0
"Othr",-0.0780289960709558,0.631878196930847,0,1,0,0,0,0,0
"Othr",0.00983561887930151,0.563335709197154,0,0,0,0,1,0,0
"Othr",0.194782117394894,1.35032289166178,0,1,0,0,0,0,0
"Othr",-0.158479721048215,1.1036973403474,0,1,0,0,0,0,0
"Othr",-0.302249073902969,1.078330559916,0,1,0,0,0,0,0
"Othr",2.19873653955572,0.984108456108197,1,0,0,0,0,0,0
"Othr",-0.788660368753025,1.01194699099924,0,0,0,0,0,1,0
"Othr",-0.0918548989935732,0.758070124035412,0,0,0,0,0,1,0
"Othr",-0.602812180916392,0.969893070685146,0,1,0,0,0,0,0
"Othr",-0.115499196745296,0.93591622947954,0,1,0,0,0,0,0
"Othr",-0.249249779366269,1.02105690732742,0,1,0,0,0,0,0
"Othr",0.354381127219022,1.19997764852586,0,0,0,1,0,0,0
"Othr",-0.166995675746929,0.864289935133444,0,0,0,0,0,1,0
"Othr",-0.141948750162477,1.03008458173349,0,1,0,0,0,0,0
"Othr",0.0719519943287422,0.885283397730448,0,1,0,0,0,0,0
"Shed",-0.116601261471012,0.703836592675532,0,1,0,0,0,0,0
"Othr",-0.0117047371233271,1.11573105492791,0,1,0,0,0,0,0
"Othr",-0.452530627409681,0.709734757960724,0,0,0,0,0,1,0
"Othr",-0.0768267436429021,1.17615124039954,0,1,0,0,0,0,0
"Othr",-0.0377535397311571,0.913448142860081,0,1,0,0,0,0,0
"Othr",0.417499379691841,1.3821080338014,0,1,0,0,0,0,0
"Othr",-0.161986290630039,0.645832606862457,0,0,0,0,0,1,0
"Othr",-0.138442180580654,1.12435560390629,0,1,0,0,0,0,0
"Othr",-0.275899708188126,0.842846279056137,0,0,0,0,0,1,0
"Othr",-0.0335456562329692,1.43773040959852,0,1,0,0,0,0,0
"Shed",0.0702488033889995,1.078330559916,0,1,0,0,0,0,0
"Othr",0.162020738730431,0.965109345398611,0,0,1,0,0,0,0
"Othr",-0.117903701601403,0.684661755611273,0,1,0,0,0,0,0
"Othr",-0.0271336432833495,0.869579763170026,0,1,0,0,0,0,0
"Othr",-0.0312413390791996,0.812589698105207,0,1,0,0,0,0,0
"Othr",-0.342925281052119,0.758070124035412,0,0,0,0,0,1,0
"Othr",-0.158980659559904,0.678294031201427,0,1,0,0,0,0,0
"Othr",-0.188035093237869,1.23808911661932,0,1,0,0,0,0,0
"Othr",-0.428485578848607,0.4536201767479,0,0,0,0,0,0,1
"Othr",-0.88534150150901,0.537933832286417,0,0,0,0,0,0,1
"Othr",-0.272192763201627,0.697276836658564,0,1,0,0,0,0,0
"Othr",-0.227108297149614,0.809793158441644,0,1,0,0,0,0,0
"Othr",-0.0020867176988976,0.858971975941282,0,1,0,0,0,0,0
"Othr",0.016347819531259,0.831401544863754,0,0,0,0,0,1,0
"Othr",0.487630771328306,1.05668867545432,0,1,0,0,0,0,0
"Othr",-0.0034893455316269,0.869579763170026,0,1,0,0,0,0,0
"Othr",0.408883237290789,1.18002657582044,0,0,0,1,0,0,0
"Othr",-0.164791546295497,0.880076205340439,0,0,0,0,0,1,0
"Othr",-0.175110879636291,1.64559290710297,0,1,0,0,0,0,0
"Othr",-0.261172115944468,0.769797540299319,0,0,1,0,0,0,0
"Gar2",0.83888885572466,1.0826032946075,0,0,0,1,0,0,0
"Othr",-0.279406277769949,0.8013563072065,0,1,0,0,0,0,0
"Othr",-0.0676094750278238,0.610916258690963,0,0,0,0,1,0,0
"Othr",0.164625618991214,0.853625584791798,0,1,0,0,0,0,0
"Othr",-0.199556679006716,0.787134755690923,0,0,0,0,0,0,1
"Othr",0.262008065663563,0.836796887380914,0,0,0,0,0,1,0
"Othr",-0.790363559692768,1.01878719679208,0,0,0,1,0,0,0
"Othr",0.187969353635923,1.1036973403474,0,0,0,1,0,0,0
"Othr",0.255996803523295,0.856302353349575,0,0,0,0,0,1,0
"Othr",-0.148260575409759,1.36296518250308,0,1,0,0,0,0,0
"Othr",-0.236325565764692,1.22132149439118,0,1,0,0,0,0,0
"Othr",-0.0669081611114591,1.30469701581395,0,1,0,0,0,0,0
"Othr",0.0108374959026796,0.993474341554636,0,1,0,0,0,0,0
"Othr",0.0919895347963038,1.24007256060117,0,0,0,0,0,1,0
"Othr",0.157612479827568,1.03008458173349,0,0,0,1,0,0,0
"Othr",-0.23963175994184,1.06756816293802,0,1,0,0,0,0,0
"Othr",0.181457152983966,0.993008124784972,0,1,0,0,0,0,0
"Othr",-0.0918548989935732,0.78426601300473,0,0,0,0,0,1,0
"Othr",-0.332305384604312,0.722039387201981,0,1,0,0,0,0,0
"Othr",0.0644379166534067,1.28980887295852,0,1,0,0,0,0,0
"Othr",-0.739468206905162,1.00159814579995,0,1,0,0,0,0,0
"Shed",-0.0660064717904189,0.787134755690923,0,1,0,0,0,0,0
"Othr",0.703835832973295,1.44961612107825,0,1,0,0,0,0,0
"Othr",-0.359255876533182,0.971800171610026,0,0,0,1,0,0,0
"Othr",-0.428485578848607,0.772708030248331,0,0,0,0,0,1,0
"Othr",0.379327865101136,1.47152808239265,0,1,0,0,0,0,0
"Othr",-0.646894769945028,0.597847998620301,0,0,0,0,0,0,1
"Othr",-0.0931573391239647,1.0826032946075,0,1,0,0,0,0,0
"Othr",-0.0768267436429021,0.900744236023968,0,1,0,0,0,0,0
"Othr",1.41917602766524,1.04347509821026,0,0,0,1,0,0,0
"Othr",-0.0918548989935732,0.780812623152856,0,1,0,0,0,0,0
"Othr",0.0734548098638094,0.953048946359027,0,1,0,0,0,0,0
"Othr",0.300379955658944,1.04125576024371,0,0,0,0,0,1,0
"Othr",-0.646894769945028,1.04347509821026,0,1,0,0,0,0,0
"Othr",-0.679455773204815,1.05625102432645,0,0,0,0,0,1,0
"Othr",-0.0397572937779133,0.740217023591136,0,0,0,0,0,1,0
"Othr",0.270223457255264,1.67243912780436,0,1,0,0,0,0,0
"Othr",0.358989761526561,1.67833130646855,0,0,0,1,0,0,0
"Othr",0.0828724538835633,0.864289935133444,0,1,0,0,0,0,0
"Othr",1.31027199522404,1.34377713412468,0,1,0,0,0,0,0
"Othr",-0.13633823883156,1.06431672677399,0,1,0,0,0,0,0
"Othr",0.30148202038466,0.826456276130599,0,1,0,0,0,0,0
"Othr",0.099703987876315,1.02558093185901,0,0,1,0,0,0,0
"Othr",-0.516450381501202,0.837412738191309,0,0,0,0,0,1,0
"Othr",0.0829726415859011,0.826456276130599,0,0,0,0,0,1,0
"Othr",0.242371276005353,0.955472690497979,0,1,0,0,0,0,0
"Othr",0.736797587042434,1.11573105492791,0,1,0,0,0,0,0
"Othr",-0.104578737190475,1.26524989751015,0,1,0,0,0,0,0
"Othr",-0.302249073902969,0.351845339349453,0,0,0,0,0,1,0
"Othr",-0.0710158569073093,1.22908514967041,0,1,0,0,0,0,0
"Othr",-0.247246025319513,1.03903148585853,0,1,0,0,0,0,0
"Othr",-0.172005060863819,0.898183972492383,0,0,0,0,0,1,0
"Othr",-0.111892439461135,0.837412738191309,0,0,0,0,0,0,1
"Othr",-0.0880477663047366,0.988802363767615,0,0,0,0,0,1,0
"Othr",-0.452530627409681,0.8013563072065,0,0,0,0,0,1,0
"Othr",-0.0728192355493898,0.858971975941282,0,1,0,0,0,0,0
"Othr",2.60319429389345,1.0826032946075,0,1,0,0,0,0,0
"Othr",-0.486193695395184,1.40120139361421,0,1,0,0,0,0,0
"Othr",0.0549200849313149,1.41045950451458,0,0,0,1,0,0,0
"Othr",0.360192013954615,1.04125576024371,0,1,0,0,0,0,0
"Othr",-0.88534150150901,0.725092032344318,0,0,0,0,0,1,0
"Othr",-0.392418006006996,0.649126580165472,0,1,0,0,0,0,0
"Othr",-0.0377535397311571,0.959820680909909,0,1,0,0,0,0,0
"Othr",-0.234922937931963,0.697276836658564,0,0,0,0,0,1,0
"Othr",-0.212080141798942,0.834684856242011,0,1,0,0,0,0,0
"Othr",-0.1820238310976,0.920993734847882,0,1,0,0,0,0,0
"Othr",-0.685467035345083,0.842846279056137,0,0,1,0,0,0,0
"Othr",5.34703489781899,0.945742266122892,0,1,0,0,0,0,0
"Othr",-0.302249073902969,0.915969671700818,0,1,0,0,0,0,0
"Othr",0.0245632111229592,1.22169256223194,0,1,0,0,0,0,0
"Othr",-0.302249073902969,1.02783529215188,0,1,0,0,0,0,0
"Othr",-0.0397572937779133,1.43773040959852,0,1,0,0,0,0,0
"Othr",-0.183226083525654,1.24733100080511,0,1,0,0,0,0,0
"Othr",-0.716725598474479,0.787134755690923,0,0,0,0,0,1,0
"Othr",0.266115761459413,1.53723223605011,0,1,0,0,0,0,0
"Othr",-0.356851371677074,1.1345268724507,0,1,0,0,0,0,0
"Othr",-0.244941708165743,0.83194951259351,0,0,0,0,0,1,0
"Othr",0.148595586617165,0.880076205340439,0,1,0,0,0,0,0
"Othr",-0.337014206614189,1.03546232410219,0,1,0,0,0,0,0
"Othr",0.699627949475107,1.56393306179808,0,1,0,0,0,0,0
"Othr",-0.17060243303109,1.13654877026203,0,1,0,0,0,0,0
"Othr",-0.0946601546590319,1.47297194872733,0,1,0,0,0,0,0
"Othr",0.426516272902243,1.55909451098292,0,0,0,1,0,0,0
"Othr",-0.233119559289882,0.722039387201981,0,0,0,0,0,1,0
"Othr",0.055921961954693,1.1521808208124,0,1,0,0,0,0,0
"Othr",-0.0291373973301057,1.45401650657982,0,1,0,0,0,0,0
"Othr",-0.6298628605476,1.16010345839725,0,1,0,0,0,0,0
"Othr",0.427217586818608,1.39185676851462,0,1,0,0,0,0,0
"Othr",-0.0302394620558215,0.671885498885147,0,1,0,0,0,0,0
"Othr",-0.212080141798942,0.928482817011204,0,1,0,0,0,0,0
"Othr",-0.389712938043875,0.387503615510827,0,0,0,0,0,1,0
"Othr",-0.033144905423618,1.0826032946075,0,1,0,0,0,0,0
"Othr",-0.519656387976012,0.469488173016057,0,0,0,0,0,0,1
"Othr",-0.0531824458911795,0.880076205340439,0,1,0,0,0,0,0
"Othr",-0.689374355736258,0.225551191785074,0,0,0,0,0,0,1
"Othr",-0.625855352454088,0.441551723936121,0,0,0,0,0,0,1
"Othr",-0.392418006006996,0.789995292228234,0,1,0,0,0,0,0
"Shed",-0.00769722902981482,1.33055565869279,0,0,0,0,0,1,0
"Othr",-0.143551753399882,1.02332147794078,0,1,0,0,0,0,0
"Othr",-0.0517798180584502,1.22908514967041,0,1,0,0,0,0,0
"Othr",0.0263665897650398,0.8013563072065,0,0,0,0,0,1,0
"Othr",-0.164290607783808,0.598540076077583,0,0,0,0,0,1,0
"Othr",-0.332305384604312,0.761014896936634,0,0,0,0,0,1,0
"Othr",-0.816412362300598,0.758070124035412,0,1,0,0,0,0,0
"Othr",-0.0868455138766829,0.98363785126102,0,1,0,0,0,0,0
"Othr",-0.127321345621157,0.815378438939347,0,0,0,0,0,1,0
"Othr",0.293867755006986,1.12435560390629,0,0,0,1,0,0,0
"Othr",-0.0958624070870855,0.778503719904261,0,1,0,0,0,0,0
"Othr",-0.22270003824675,0.746203541808196,0,0,0,0,0,1,0
"Othr",0.318413742079749,0.920993734847882,0,0,0,0,0,1,0
"Othr",-0.11439713201958,1.23459394545976,0,1,0,0,0,0,0
"Othr",-0.296438187167376,1.02558093185901,0,0,0,0,0,1,0
"Othr",0.0587272176201516,0.925169576022772,0,1,0,0,0,0,0
"Othr",-0.452530627409681,0.65568215361152,0,0,0,0,0,1,0
"Othr",1.02834380084545,1.35195265805429,0,1,0,0,0,0,0
"Othr",0.479816130545957,1.41799685950263,0,1,0,0,0,0,0
"Othr",0.568983185626606,1.18388695097411,0,1,0,0,0,0,0
"Othr",-0.527671404163036,0.740217023591136,0,0,0,0,0,0,1
"Othr",0.112828576882568,1.12435560390629,0,0,0,0,0,1,0
"Othr",-0.127221157918819,0.998124593428863,0,1,0,0,0,0,0
"Othr",-0.452530627409681,0.814821312591559,0,0,0,0,0,1,0
"Othr",-0.020120504119703,1.25812082277082,0,1,0,0,0,0,0
"Othr",-0.0325437792095911,0.993474341554636,0,1,0,0,0,0,0
"Othr",-0.104177986381124,0.665435632247709,0,1,0,0,0,0,0
"Othr",0.202396382772568,0.895102978535009,0,1,0,0,0,0,0
"Othr",-0.841559475587388,1.02783529215188,0,0,0,0,0,1,0
"Othr",0.62318473259136,1.5097988721188,0,1,0,0,0,0,0
"Othr",-0.0676094750278238,1.078330559916,0,0,0,1,0,0,0
"Othr",0.565176052937769,1.34377713412468,0,1,0,0,0,0,0
"Othr",0.19999187791646,0.631878196930847,0,1,0,0,0,0,0
"Othr",-0.202161559267499,0.930629310996202,0,0,0,1,0,0,0
"Othr",-0.735059948002298,0.865095794611186,0,0,0,0,0,1,0
"Othr",-0.302249073902969,1.18773248092116,0,1,0,0,0,0,0
"Othr",-0.13403392167779,1.09531304114749,0,1,0,0,0,0,0
"Othr",-0.786656614706269,0.769797540299319,0,1,0,0,0,0,0
"Othr",-0.60932438156835,0.864289935133444,0,1,0,0,0,0,0
"Othr",0.0118393729260577,1.24733100080511,0,1,0,0,0,0,0
"Othr",-0.512643248812365,0.632547126822316,0,0,0,0,0,1,0
"Othr",-0.0918548989935732,0.972276379096088,0,0,0,1,0,0,0
"Othr",-0.0768267436429021,1.3896637336713,0,0,0,0,0,1,0
"Othr",0.0108374959026796,1.31038978903842,0,1,0,0,0,0,0
"Othr",0.0475061949583172,1.27232850809337,0,1,0,0,0,0,0
"Othr",-0.423275818327041,0.534251739723917,0,0,0,0,0,1,0
"Othr",0.0482075088746818,0.709734757960724,0,0,0,0,0,1,0
"Othr",-0.857990258770788,0.473416139169189,0,0,0,0,0,1,0
"Othr",-0.0783295591779692,0.981753214051403,0,0,0,1,0,0,0
"Othr",-0.23091542983845,0.260108026638969,0,0,0,0,0,1,0
"Othr",0.241269211279637,1.26702425320119,0,1,0,0,0,0,0
"Othr",-0.332305384604312,0.930966765742143,0,0,0,0,0,1,0
"Othr",1.48499934810118,0.678294031201427,0,1,0,0,0,0,0
"Othr",-0.145956258255989,0.632547126822316,0,0,0,0,0,1,0
"Othr",-0.509036491528204,0.761014896936634,0,0,0,0,0,1,0
"TenC",0.618676285986159,1.31038978903842,0,1,0,0,0,0,0
"Othr",-0.200057617518406,0.820932697266141,0,0,0,0,0,1,0
"Othr",0.438338421778105,1.67007250087353,0,1,0,0,0,0,0
"Othr",-0.452530627409681,0.792847669430791,0,0,0,0,0,1,0
"Othr",-0.141948750162477,1.25812082277082,0,1,0,0,0,0,0
"Othr",-0.157578031727175,0.752154434790247,0,0,0,0,0,1,0
"Othr",-0.26838563051279,0.746203541808196,0,1,0,0,0,0,0
"Othr",0.0283703438117959,0.960302626043088,0,0,0,0,0,1,0
"Othr",-0.648397585480095,1.29870375488721,0,1,0,0,0,0,0
"Othr",0.215220408671807,1.4111135830031,0,0,0,1,0,0,0
"Othr",4.67707973228607,0.945742266122892,0,0,0,0,0,1,0
"Othr",-0.440508103129144,0.829206666313167,0,0,0,0,0,1,0
"Othr",-0.332305384604312,0.83194951259351,0,1,0,0,0,0,0
"Othr",-0.435398530309916,0.828931967454417,0,0,0,0,0,1,0
"Othr",-0.452530627409681,0.728135387197056,0,0,0,1,0,0,0
"Othr",-0.310765028601683,1.09531304114749,0,1,0,0,0,0,0
"Othr",-0.376187598228271,1.09900660195737,0,1,0,0,0,0,0
"Othr",0.474806745429067,1.41634613523428,0,1,0,0,0,0,0
"Othr",-0.0107028600999491,0.632547126822316,0,0,0,0,0,1,0
"Othr",-0.66873568905467,1.39185676851462,0,1,0,0,0,0,0
"Othr",-0.207571695193741,0.80417650728979,0,0,0,0,0,1,0
"Othr",-0.174008814910576,0.678294031201427,0,0,0,0,0,0,1
"Othr",-0.278204025341895,0.761014896936634,0,0,0,0,0,1,0
"Othr",1.00459931539139,1.18388695097411,0,1,0,0,0,0,0
"Othr",0.190674421599044,1.24007256060117,0,1,0,0,0,0,0
"Othr",-0.0918548989935732,0.842846279056137,0,1,0,0,0,0,0
"Othr",-0.332305384604312,0.526846629863795,0,0,0,0,0,1,0
"Othr",0.0478067580653306,1.33387745182814,0,1,0,0,0,0,0
"Othr",0.254093237178877,1.15257844698483,0,0,0,0,0,1,0
"Othr",-0.689474543438596,1.02060337716015,0,1,0,0,0,0,0
"Othr",0.082471703074212,0.743214762493022,0,0,0,0,0,1,0
"Othr",0.603948693742501,1.57702079767148,0,1,0,0,0,0,0
"Othr",-0.131529229119345,0.752154434790247,0,0,0,0,0,1,0
"Othr",0.5875179105591,1.21424491717356,0,1,0,0,0,0,0
"Othr",0.118539275915823,1.03858603667707,0,1,0,0,0,0,0
"Othr",-0.64859796088477,0.772708030248331,0,1,0,0,0,0,0
"Othr",-0.60932438156835,0.823698300433956,0,1,0,0,0,0,0
"Othr",0.919039017594906,1.39176287988297,0,1,0,0,0,0,0
"Othr",-0.101573106120341,0.864289935133444,0,0,0,0,0,1,0
"Othr",0.0204555153271091,0.853625584791798,0,0,0,0,0,1,0
"Othr",0.0427973729484402,1.37925986303723,0,1,0,0,0,0,0
"Othr",0.0413947451157109,0.842846279056137,0,1,0,0,0,0,0
"Othr",-0.332305384604312,0.722039387201981,0,1,0,0,0,0,0
"Othr",0.203298072093608,1.05186394604477,0,1,0,0,0,0,0
"Othr",1.1434594708316,1.09168606689555,0,0,0,1,0,0,0
"Othr",-0.559931844315811,0.86296309429938,0,1,0,0,0,0,0
"Othr",0.0283703438117959,0.316704215106992,0,0,0,0,0,1,0
"Othr",-0.0256308277482824,1.06756816293802,0,1,0,0,0,0,0
"Othr",0.689609179241326,0.945742266122892,0,1,0,0,0,0,0
"Othr",-0.212080141798942,1.01194699099924,0,1,0,0,0,0,0
"Othr",-0.151967520396258,0.731169508136004,0,0,0,0,0,1,0
"Othr",0.193078926455152,1.70982915357048,0,1,0,0,0,0,0
"Othr",-0.311566530220385,0.894073867482695,0,1,0,0,0,0,0
"Othr",0.106917502444637,1.11201192715878,0,1,0,0,0,0,0
"Othr",0.101106615709044,1.08685785068214,0,0,0,0,0,1,0
"Othr",-0.61022607088939,0.892012462709496,0,1,0,0,0,0,0
"Othr",0.0487084473863709,1.49579470825984,0,1,0,0,0,0,0
"Othr",-0.166594924937578,0.734194451025373,0,0,0,0,0,1,0
"Othr",-0.202061371565162,1.03724849734397,0,1,0,0,0,0,0
"Othr",-0.212080141798942,0.781389016951475,0,0,0,0,0,1,0
"Othr",1.56545007307844,0.935422384025468,0,1,0,0,0,0,0
"Othr",-0.0517798180584502,1.27584911160424,0,1,0,0,0,0,0
"Othr",0.125251851972456,0.678294031201427,0,0,0,0,0,1,0
"Othr",-0.900069093752668,0.541602416766085,0,0,0,0,0,0,1
"Othr",-0.151967520396258,0.820932697266141,0,0,0,0,0,0,1
"Othr",-0.125718342383752,1.42899391097895,0,1,0,0,0,0,0
"Othr",-0.685467035345083,0.869579763170026,0,0,1,0,0,0,0
"Othr",0.671274829713508,0.485108303984698,0,0,0,0,0,0,1
"Othr",-0.302249073902969,1.06105468427764,0,1,0,0,0,0,0
"Othr",-0.260470802028104,1.0165123229494,0,1,0,0,0,0,0
"Othr",0.266316136864089,1.16443430165771,0,1,0,0,0,0,0
"Shed",-0.14775963689807,1.36489604223693,0,1,0,0,0,0,0
"Othr",-0.0801329378200498,0.854295448958048,0,1,0,0,0,0,0
"Othr",-0.0580916433057321,0.882683190888188,0,1,0,0,0,0,0
